INFO:     Started server process [21160]
INFO:     Waiting for application startup.
INFO:     Application startup complete.
INFO:     Uvicorn running on http://127.0.0.1:8000 (Press CTRL+C to quit)
ERROR:    Exception in ASGI application
Traceback (most recent call last):
  File "C:\Users\G L  B\Desktop\VIVENT-FINAL-REPO\Vivent-Backend\Vivent\lib\site-packages\httpx\_transports\default.py", line 101, in map_httpcore_exceptions
    yield
  File "C:\Users\G L  B\Desktop\VIVENT-FINAL-REPO\Vivent-Backend\Vivent\lib\site-packages\httpx\_transports\default.py", line 250, in handle_request
    resp = self._pool.handle_request(req)
  File "C:\Users\G L  B\Desktop\VIVENT-FINAL-REPO\Vivent-Backend\Vivent\lib\site-packages\httpcore\_sync\connection_pool.py", line 256, in handle_request
    raise exc from None
  File "C:\Users\G L  B\Desktop\VIVENT-FINAL-REPO\Vivent-Backend\Vivent\lib\site-packages\httpcore\_sync\connection_pool.py", line 236, in handle_request
    response = connection.handle_request(
  File "C:\Users\G L  B\Desktop\VIVENT-FINAL-REPO\Vivent-Backend\Vivent\lib\site-packages\httpcore\_sync\connection.py", line 103, in handle_request
    return self._connection.handle_request(request)
  File "C:\Users\G L  B\Desktop\VIVENT-FINAL-REPO\Vivent-Backend\Vivent\lib\site-packages\httpcore\_sync\http2.py", line 187, in handle_request
    raise exc
  File "C:\Users\G L  B\Desktop\VIVENT-FINAL-REPO\Vivent-Backend\Vivent\lib\site-packages\httpcore\_sync\http2.py", line 150, in handle_request
    status, headers = self._receive_response(
  File "C:\Users\G L  B\Desktop\VIVENT-FINAL-REPO\Vivent-Backend\Vivent\lib\site-packages\httpcore\_sync\http2.py", line 294, in _receive_response
    event = self._receive_stream_event(request, stream_id)
  File "C:\Users\G L  B\Desktop\VIVENT-FINAL-REPO\Vivent-Backend\Vivent\lib\site-packages\httpcore\_sync\http2.py", line 336, in _receive_stream_event
    self._receive_events(request, stream_id)
  File "C:\Users\G L  B\Desktop\VIVENT-FINAL-REPO\Vivent-Backend\Vivent\lib\site-packages\httpcore\_sync\http2.py", line 355, in _receive_events
    raise RemoteProtocolError(self._connection_terminated)
httpcore.RemoteProtocolError: <ConnectionTerminated error_code:ErrorCodes.PROTOCOL_ERROR, last_stream_id:63, additional_data:None>

The above exception was the direct cause of the following exception:

Traceback (most recent call last):
  File "C:\Users\G L  B\Desktop\VIVENT-FINAL-REPO\Vivent-Backend\Vivent\lib\site-packages\uvicorn\protocols\http\httptools_impl.py", line 421, in run_asgi
    result = await app(  # type: ignore[func-returns-value]
  File "C:\Users\G L  B\Desktop\VIVENT-FINAL-REPO\Vivent-Backend\Vivent\lib\site-packages\uvicorn\middleware\proxy_headers.py", line 56, in __call__
    return await self.app(scope, receive, send)
  File "C:\Users\G L  B\Desktop\VIVENT-FINAL-REPO\Vivent-Backend\Vivent\lib\site-packages\fastapi\applications.py", line 1159, in __call__
    await super().__call__(scope, receive, send)
  File "C:\Users\G L  B\Desktop\VIVENT-FINAL-REPO\Vivent-Backend\Vivent\lib\site-packages\starlette\applications.py", line 90, in __call__
    await self.middleware_stack(scope, receive, send)
  File "C:\Users\G L  B\Desktop\VIVENT-FINAL-REPO\Vivent-Backend\Vivent\lib\site-packages\starlette\middleware\errors.py", line 186, in __call__
    raise exc
  File "C:\Users\G L  B\Desktop\VIVENT-FINAL-REPO\Vivent-Backend\Vivent\lib\site-packages\starlette\middleware\errors.py", line 164, in __call__
    await self.app(scope, receive, _send)
  File "C:\Users\G L  B\Desktop\VIVENT-FINAL-REPO\Vivent-Backend\Vivent\lib\site-packages\starlette\middleware\cors.py", line 96, in __call__
    await self.simple_response(scope, receive, send, request_headers=headers)
  File "C:\Users\G L  B\Desktop\VIVENT-FINAL-REPO\Vivent-Backend\Vivent\lib\site-packages\starlette\middleware\cors.py", line 154, in simple_response
    await self.app(scope, receive, send)
  File "C:\Users\G L  B\Desktop\VIVENT-FINAL-REPO\Vivent-Backend\Vivent\lib\site-packages\starlette\middleware\exceptions.py", line 63, in __call__
    await wrap_app_handling_exceptions(self.app, conn)(scope, receive, send)
  File "C:\Users\G L  B\Desktop\VIVENT-FINAL-REPO\Vivent-Backend\Vivent\lib\site-packages\starlette\_exception_handler.py", line 53, in wrapped_app
    raise exc
  File "C:\Users\G L  B\Desktop\VIVENT-FINAL-REPO\Vivent-Backend\Vivent\lib\site-packages\starlette\_exception_handler.py", line 42, in wrapped_app
    await app(scope, receive, sender)
  File "C:\Users\G L  B\Desktop\VIVENT-FINAL-REPO\Vivent-Backend\Vivent\lib\site-packages\fastapi\middleware\asyncexitstack.py", line 18, in __call__
    await self.app(scope, receive, send)
  File "C:\Users\G L  B\Desktop\VIVENT-FINAL-REPO\Vivent-Backend\Vivent\lib\site-packages\starlette\routing.py", line 660, in __call__
    await self.middleware_stack(scope, receive, send)
  File "C:\Users\G L  B\Desktop\VIVENT-FINAL-REPO\Vivent-Backend\Vivent\lib\site-packages\starlette\routing.py", line 680, in app
    await route.handle(scope, receive, send)
  File "C:\Users\G L  B\Desktop\VIVENT-FINAL-REPO\Vivent-Backend\Vivent\lib\site-packages\starlette\routing.py", line 276, in handle
    await self.app(scope, receive, send)
  File "C:\Users\G L  B\Desktop\VIVENT-FINAL-REPO\Vivent-Backend\Vivent\lib\site-packages\fastapi\routing.py", line 134, in app
    await wrap_app_handling_exceptions(app, request)(scope, receive, send)
  File "C:\Users\G L  B\Desktop\VIVENT-FINAL-REPO\Vivent-Backend\Vivent\lib\site-packages\starlette\_exception_handler.py", line 53, in wrapped_app
    raise exc
  File "C:\Users\G L  B\Desktop\VIVENT-FINAL-REPO\Vivent-Backend\Vivent\lib\site-packages\starlette\_exception_handler.py", line 42, in wrapped_app
    await app(scope, receive, sender)
  File "C:\Users\G L  B\Desktop\VIVENT-FINAL-REPO\Vivent-Backend\Vivent\lib\site-packages\fastapi\routing.py", line 120, in app
    response = await f(request)
  File "C:\Users\G L  B\Desktop\VIVENT-FINAL-REPO\Vivent-Backend\Vivent\lib\site-packages\fastapi\routing.py", line 674, in app
    raw_response = await run_endpoint_function(
  File "C:\Users\G L  B\Desktop\VIVENT-FINAL-REPO\Vivent-Backend\Vivent\lib\site-packages\fastapi\routing.py", line 330, in run_endpoint_function
    return await run_in_threadpool(dependant.call, **values)
  File "C:\Users\G L  B\Desktop\VIVENT-FINAL-REPO\Vivent-Backend\Vivent\lib\site-packages\starlette\concurrency.py", line 32, in run_in_threadpool
    return await anyio.to_thread.run_sync(func)
  File "C:\Users\G L  B\Desktop\VIVENT-FINAL-REPO\Vivent-Backend\Vivent\lib\site-packages\anyio\to_thread.py", line 63, in run_sync
    return await get_async_backend().run_sync_in_worker_thread(
  File "C:\Users\G L  B\Desktop\VIVENT-FINAL-REPO\Vivent-Backend\Vivent\lib\site-packages\anyio\_backends\_asyncio.py", line 2518, in run_sync_in_worker_thread
    return await future
  File "C:\Users\G L  B\Desktop\VIVENT-FINAL-REPO\Vivent-Backend\Vivent\lib\site-packages\anyio\_backends\_asyncio.py", line 1002, in run
    result = context.run(func, *args)
  File "C:\Users\G L  B\Desktop\VIVENT-FINAL-REPO\Vivent-Backend\routers\contact.py", line 92, in list_contact_messages
    response = supabase.table("contact_messages").select("*").order("created_at", desc=True).execute()
  File "C:\Users\G L  B\Desktop\VIVENT-FINAL-REPO\Vivent-Backend\Vivent\lib\site-packages\postgrest\_sync\request_builder.py", line 78, in execute
    r = send_with_retry(self.request)
  File "C:\Users\G L  B\Desktop\VIVENT-FINAL-REPO\Vivent-Backend\Vivent\lib\site-packages\postgrest\_sync\request_builder.py", line 50, in send_with_retry
    resp = req.send(headers)
  File "C:\Users\G L  B\Desktop\VIVENT-FINAL-REPO\Vivent-Backend\Vivent\lib\site-packages\postgrest\base_request_builder.py", line 90, in send
    return self.session.request(
  File "C:\Users\G L  B\Desktop\VIVENT-FINAL-REPO\Vivent-Backend\Vivent\lib\site-packages\httpx\_client.py", line 825, in request
    return self.send(request, auth=auth, follow_redirects=follow_redirects)
  File "C:\Users\G L  B\Desktop\VIVENT-FINAL-REPO\Vivent-Backend\Vivent\lib\site-packages\httpx\_client.py", line 914, in send
    response = self._send_handling_auth(
  File "C:\Users\G L  B\Desktop\VIVENT-FINAL-REPO\Vivent-Backend\Vivent\lib\site-packages\httpx\_client.py", line 942, in _send_handling_auth
    response = self._send_handling_redirects(
  File "C:\Users\G L  B\Desktop\VIVENT-FINAL-REPO\Vivent-Backend\Vivent\lib\site-packages\httpx\_client.py", line 979, in _send_handling_redirects
    response = self._send_single_request(request)
  File "C:\Users\G L  B\Desktop\VIVENT-FINAL-REPO\Vivent-Backend\Vivent\lib\site-packages\httpx\_client.py", line 1014, in _send_single_request
    response = transport.handle_request(request)
  File "C:\Users\G L  B\Desktop\VIVENT-FINAL-REPO\Vivent-Backend\Vivent\lib\site-packages\httpx\_transports\default.py", line 249, in handle_request
    with map_httpcore_exceptions():
  File "C:\Users\G L  B\AppData\Local\Programs\Python\Python310\lib\contextlib.py", line 153, in __exit__
    self.gen.throw(typ, value, traceback)
  File "C:\Users\G L  B\Desktop\VIVENT-FINAL-REPO\Vivent-Backend\Vivent\lib\site-packages\httpx\_transports\default.py", line 118, in map_httpcore_exceptions
    raise mapped_exc(message) from exc
httpx.RemoteProtocolError: <ConnectionTerminated error_code:ErrorCodes.PROTOCOL_ERROR, last_stream_id:63, additional_data:None>
ERROR:    Exception in ASGI application
Traceback (most recent call last):
  File "C:\Users\G L  B\Desktop\VIVENT-FINAL-REPO\Vivent-Backend\Vivent\lib\site-packages\httpx\_transports\default.py", line 101, in map_httpcore_exceptions
    yield
  File "C:\Users\G L  B\Desktop\VIVENT-FINAL-REPO\Vivent-Backend\Vivent\lib\site-packages\httpx\_transports\default.py", line 250, in handle_request
    resp = self._pool.handle_request(req)
  File "C:\Users\G L  B\Desktop\VIVENT-FINAL-REPO\Vivent-Backend\Vivent\lib\site-packages\httpcore\_sync\connection_pool.py", line 256, in handle_request
    raise exc from None
  File "C:\Users\G L  B\Desktop\VIVENT-FINAL-REPO\Vivent-Backend\Vivent\lib\site-packages\httpcore\_sync\connection_pool.py", line 236, in handle_request
    response = connection.handle_request(
  File "C:\Users\G L  B\Desktop\VIVENT-FINAL-REPO\Vivent-Backend\Vivent\lib\site-packages\httpcore\_sync\connection.py", line 103, in handle_request
    return self._connection.handle_request(request)
  File "C:\Users\G L  B\Desktop\VIVENT-FINAL-REPO\Vivent-Backend\Vivent\lib\site-packages\httpcore\_sync\http2.py", line 187, in handle_request
    raise exc
  File "C:\Users\G L  B\Desktop\VIVENT-FINAL-REPO\Vivent-Backend\Vivent\lib\site-packages\httpcore\_sync\http2.py", line 150, in handle_request
    status, headers = self._receive_response(
  File "C:\Users\G L  B\Desktop\VIVENT-FINAL-REPO\Vivent-Backend\Vivent\lib\site-packages\httpcore\_sync\http2.py", line 294, in _receive_response
    event = self._receive_stream_event(request, stream_id)
  File "C:\Users\G L  B\Desktop\VIVENT-FINAL-REPO\Vivent-Backend\Vivent\lib\site-packages\httpcore\_sync\http2.py", line 336, in _receive_stream_event
    self._receive_events(request, stream_id)
  File "C:\Users\G L  B\Desktop\VIVENT-FINAL-REPO\Vivent-Backend\Vivent\lib\site-packages\httpcore\_sync\http2.py", line 355, in _receive_events
    raise RemoteProtocolError(self._connection_terminated)
httpcore.RemoteProtocolError: <ConnectionTerminated error_code:ErrorCodes.PROTOCOL_ERROR, last_stream_id:63, additional_data:None>

The above exception was the direct cause of the following exception:

Traceback (most recent call last):
  File "C:\Users\G L  B\Desktop\VIVENT-FINAL-REPO\Vivent-Backend\Vivent\lib\site-packages\uvicorn\protocols\http\httptools_impl.py", line 421, in run_asgi
    result = await app(  # type: ignore[func-returns-value]
  File "C:\Users\G L  B\Desktop\VIVENT-FINAL-REPO\Vivent-Backend\Vivent\lib\site-packages\uvicorn\middleware\proxy_headers.py", line 56, in __call__
    return await self.app(scope, receive, send)
  File "C:\Users\G L  B\Desktop\VIVENT-FINAL-REPO\Vivent-Backend\Vivent\lib\site-packages\fastapi\applications.py", line 1159, in __call__
    await super().__call__(scope, receive, send)
  File "C:\Users\G L  B\Desktop\VIVENT-FINAL-REPO\Vivent-Backend\Vivent\lib\site-packages\starlette\applications.py", line 90, in __call__
    await self.middleware_stack(scope, receive, send)
  File "C:\Users\G L  B\Desktop\VIVENT-FINAL-REPO\Vivent-Backend\Vivent\lib\site-packages\starlette\middleware\errors.py", line 186, in __call__
    raise exc
  File "C:\Users\G L  B\Desktop\VIVENT-FINAL-REPO\Vivent-Backend\Vivent\lib\site-packages\starlette\middleware\errors.py", line 164, in __call__
    await self.app(scope, receive, _send)
  File "C:\Users\G L  B\Desktop\VIVENT-FINAL-REPO\Vivent-Backend\Vivent\lib\site-packages\starlette\middleware\cors.py", line 96, in __call__
    await self.simple_response(scope, receive, send, request_headers=headers)
  File "C:\Users\G L  B\Desktop\VIVENT-FINAL-REPO\Vivent-Backend\Vivent\lib\site-packages\starlette\middleware\cors.py", line 154, in simple_response
    await self.app(scope, receive, send)
  File "C:\Users\G L  B\Desktop\VIVENT-FINAL-REPO\Vivent-Backend\Vivent\lib\site-packages\starlette\middleware\exceptions.py", line 63, in __call__
    await wrap_app_handling_exceptions(self.app, conn)(scope, receive, send)
  File "C:\Users\G L  B\Desktop\VIVENT-FINAL-REPO\Vivent-Backend\Vivent\lib\site-packages\starlette\_exception_handler.py", line 53, in wrapped_app
    raise exc
  File "C:\Users\G L  B\Desktop\VIVENT-FINAL-REPO\Vivent-Backend\Vivent\lib\site-packages\starlette\_exception_handler.py", line 42, in wrapped_app
    await app(scope, receive, sender)
  File "C:\Users\G L  B\Desktop\VIVENT-FINAL-REPO\Vivent-Backend\Vivent\lib\site-packages\fastapi\middleware\asyncexitstack.py", line 18, in __call__
    await self.app(scope, receive, send)
  File "C:\Users\G L  B\Desktop\VIVENT-FINAL-REPO\Vivent-Backend\Vivent\lib\site-packages\starlette\routing.py", line 660, in __call__
    await self.middleware_stack(scope, receive, send)
  File "C:\Users\G L  B\Desktop\VIVENT-FINAL-REPO\Vivent-Backend\Vivent\lib\site-packages\starlette\routing.py", line 680, in app
    await route.handle(scope, receive, send)
  File "C:\Users\G L  B\Desktop\VIVENT-FINAL-REPO\Vivent-Backend\Vivent\lib\site-packages\starlette\routing.py", line 276, in handle
    await self.app(scope, receive, send)
  File "C:\Users\G L  B\Desktop\VIVENT-FINAL-REPO\Vivent-Backend\Vivent\lib\site-packages\fastapi\routing.py", line 134, in app
    await wrap_app_handling_exceptions(app, request)(scope, receive, send)
  File "C:\Users\G L  B\Desktop\VIVENT-FINAL-REPO\Vivent-Backend\Vivent\lib\site-packages\starlette\_exception_handler.py", line 53, in wrapped_app
    raise exc
  File "C:\Users\G L  B\Desktop\VIVENT-FINAL-REPO\Vivent-Backend\Vivent\lib\site-packages\starlette\_exception_handler.py", line 42, in wrapped_app
    await app(scope, receive, sender)
  File "C:\Users\G L  B\Desktop\VIVENT-FINAL-REPO\Vivent-Backend\Vivent\lib\site-packages\fastapi\routing.py", line 120, in app
    response = await f(request)
  File "C:\Users\G L  B\Desktop\VIVENT-FINAL-REPO\Vivent-Backend\Vivent\lib\site-packages\fastapi\routing.py", line 674, in app
    raw_response = await run_endpoint_function(
  File "C:\Users\G L  B\Desktop\VIVENT-FINAL-REPO\Vivent-Backend\Vivent\lib\site-packages\fastapi\routing.py", line 330, in run_endpoint_function
    return await run_in_threadpool(dependant.call, **values)
  File "C:\Users\G L  B\Desktop\VIVENT-FINAL-REPO\Vivent-Backend\Vivent\lib\site-packages\starlette\concurrency.py", line 32, in run_in_threadpool
    return await anyio.to_thread.run_sync(func)
  File "C:\Users\G L  B\Desktop\VIVENT-FINAL-REPO\Vivent-Backend\Vivent\lib\site-packages\anyio\to_thread.py", line 63, in run_sync
    return await get_async_backend().run_sync_in_worker_thread(
  File "C:\Users\G L  B\Desktop\VIVENT-FINAL-REPO\Vivent-Backend\Vivent\lib\site-packages\anyio\_backends\_asyncio.py", line 2518, in run_sync_in_worker_thread
    return await future
  File "C:\Users\G L  B\Desktop\VIVENT-FINAL-REPO\Vivent-Backend\Vivent\lib\site-packages\anyio\_backends\_asyncio.py", line 1002, in run
    result = context.run(func, *args)
  File "C:\Users\G L  B\Desktop\VIVENT-FINAL-REPO\Vivent-Backend\routers\admin_events.py", line 19, in list_pending_events
    response = supabase.table("pending_events").select("*").order("created_at", desc=False).execute()
  File "C:\Users\G L  B\Desktop\VIVENT-FINAL-REPO\Vivent-Backend\Vivent\lib\site-packages\postgrest\_sync\request_builder.py", line 78, in execute
    r = send_with_retry(self.request)
  File "C:\Users\G L  B\Desktop\VIVENT-FINAL-REPO\Vivent-Backend\Vivent\lib\site-packages\postgrest\_sync\request_builder.py", line 50, in send_with_retry
    resp = req.send(headers)
  File "C:\Users\G L  B\Desktop\VIVENT-FINAL-REPO\Vivent-Backend\Vivent\lib\site-packages\postgrest\base_request_builder.py", line 90, in send
    return self.session.request(
  File "C:\Users\G L  B\Desktop\VIVENT-FINAL-REPO\Vivent-Backend\Vivent\lib\site-packages\httpx\_client.py", line 825, in request
    return self.send(request, auth=auth, follow_redirects=follow_redirects)
  File "C:\Users\G L  B\Desktop\VIVENT-FINAL-REPO\Vivent-Backend\Vivent\lib\site-packages\httpx\_client.py", line 914, in send
    response = self._send_handling_auth(
  File "C:\Users\G L  B\Desktop\VIVENT-FINAL-REPO\Vivent-Backend\Vivent\lib\site-packages\httpx\_client.py", line 942, in _send_handling_auth
    response = self._send_handling_redirects(
  File "C:\Users\G L  B\Desktop\VIVENT-FINAL-REPO\Vivent-Backend\Vivent\lib\site-packages\httpx\_client.py", line 979, in _send_handling_redirects
    response = self._send_single_request(request)
  File "C:\Users\G L  B\Desktop\VIVENT-FINAL-REPO\Vivent-Backend\Vivent\lib\site-packages\httpx\_client.py", line 1014, in _send_single_request
    response = transport.handle_request(request)
  File "C:\Users\G L  B\Desktop\VIVENT-FINAL-REPO\Vivent-Backend\Vivent\lib\site-packages\httpx\_transports\default.py", line 249, in handle_request
    with map_httpcore_exceptions():
  File "C:\Users\G L  B\AppData\Local\Programs\Python\Python310\lib\contextlib.py", line 153, in __exit__
    self.gen.throw(typ, value, traceback)
  File "C:\Users\G L  B\Desktop\VIVENT-FINAL-REPO\Vivent-Backend\Vivent\lib\site-packages\httpx\_transports\default.py", line 118, in map_httpcore_exceptions
    raise mapped_exc(message) from exc
httpx.RemoteProtocolError: <ConnectionTerminated error_code:ErrorCodes.PROTOCOL_ERROR, last_stream_id:63, additional_data:None>
ERROR:    Exception in ASGI application
Traceback (most recent call last):
  File "C:\Users\G L  B\Desktop\VIVENT-FINAL-REPO\Vivent-Backend\Vivent\lib\site-packages\httpx\_transports\default.py", line 101, in map_httpcore_exceptions
    yield
  File "C:\Users\G L  B\Desktop\VIVENT-FINAL-REPO\Vivent-Backend\Vivent\lib\site-packages\httpx\_transports\default.py", line 250, in handle_request
    resp = self._pool.handle_request(req)
  File "C:\Users\G L  B\Desktop\VIVENT-FINAL-REPO\Vivent-Backend\Vivent\lib\site-packages\httpcore\_sync\connection_pool.py", line 256, in handle_request
    raise exc from None
  File "C:\Users\G L  B\Desktop\VIVENT-FINAL-REPO\Vivent-Backend\Vivent\lib\site-packages\httpcore\_sync\connection_pool.py", line 236, in handle_request
    response = connection.handle_request(
  File "C:\Users\G L  B\Desktop\VIVENT-FINAL-REPO\Vivent-Backend\Vivent\lib\site-packages\httpcore\_sync\connection.py", line 103, in handle_request
    return self._connection.handle_request(request)
  File "C:\Users\G L  B\Desktop\VIVENT-FINAL-REPO\Vivent-Backend\Vivent\lib\site-packages\httpcore\_sync\http2.py", line 187, in handle_request
    raise exc
  File "C:\Users\G L  B\Desktop\VIVENT-FINAL-REPO\Vivent-Backend\Vivent\lib\site-packages\httpcore\_sync\http2.py", line 150, in handle_request
    status, headers = self._receive_response(
  File "C:\Users\G L  B\Desktop\VIVENT-FINAL-REPO\Vivent-Backend\Vivent\lib\site-packages\httpcore\_sync\http2.py", line 294, in _receive_response
    event = self._receive_stream_event(request, stream_id)
  File "C:\Users\G L  B\Desktop\VIVENT-FINAL-REPO\Vivent-Backend\Vivent\lib\site-packages\httpcore\_sync\http2.py", line 336, in _receive_stream_event
    self._receive_events(request, stream_id)
  File "C:\Users\G L  B\Desktop\VIVENT-FINAL-REPO\Vivent-Backend\Vivent\lib\site-packages\httpcore\_sync\http2.py", line 364, in _receive_events
    events = self._read_incoming_data(request)
  File "C:\Users\G L  B\Desktop\VIVENT-FINAL-REPO\Vivent-Backend\Vivent\lib\site-packages\httpcore\_sync\http2.py", line 438, in _read_incoming_data
    raise self._read_exception  # pragma: nocover
  File "C:\Users\G L  B\Desktop\VIVENT-FINAL-REPO\Vivent-Backend\Vivent\lib\site-packages\httpx\_transports\default.py", line 101, in map_httpcore_exceptions
    yield
  File "C:\Users\G L  B\Desktop\VIVENT-FINAL-REPO\Vivent-Backend\Vivent\lib\site-packages\httpx\_transports\default.py", line 250, in handle_request
    resp = self._pool.handle_request(req)
  File "C:\Users\G L  B\Desktop\VIVENT-FINAL-REPO\Vivent-Backend\Vivent\lib\site-packages\httpcore\_sync\connection_pool.py", line 256, in handle_request
    raise exc from None
  File "C:\Users\G L  B\Desktop\VIVENT-FINAL-REPO\Vivent-Backend\Vivent\lib\site-packages\httpcore\_sync\connection_pool.py", line 236, in handle_request
    response = connection.handle_request(
  File "C:\Users\G L  B\Desktop\VIVENT-FINAL-REPO\Vivent-Backend\Vivent\lib\site-packages\httpcore\_sync\connection.py", line 103, in handle_request
    return self._connection.handle_request(request)
  File "C:\Users\G L  B\Desktop\VIVENT-FINAL-REPO\Vivent-Backend\Vivent\lib\site-packages\httpcore\_sync\http2.py", line 187, in handle_request
    raise exc
  File "C:\Users\G L  B\Desktop\VIVENT-FINAL-REPO\Vivent-Backend\Vivent\lib\site-packages\httpcore\_sync\http2.py", line 150, in handle_request
    status, headers = self._receive_response(
  File "C:\Users\G L  B\Desktop\VIVENT-FINAL-REPO\Vivent-Backend\Vivent\lib\site-packages\httpcore\_sync\http2.py", line 294, in _receive_response
    event = self._receive_stream_event(request, stream_id)
  File "C:\Users\G L  B\Desktop\VIVENT-FINAL-REPO\Vivent-Backend\Vivent\lib\site-packages\httpcore\_sync\http2.py", line 336, in _receive_stream_event
    self._receive_events(request, stream_id)
  File "C:\Users\G L  B\Desktop\VIVENT-FINAL-REPO\Vivent-Backend\Vivent\lib\site-packages\httpcore\_sync\http2.py", line 364, in _receive_events
    events = self._read_incoming_data(request)
  File "C:\Users\G L  B\Desktop\VIVENT-FINAL-REPO\Vivent-Backend\Vivent\lib\site-packages\httpcore\_sync\http2.py", line 455, in _read_incoming_data
    raise exc
  File "C:\Users\G L  B\Desktop\VIVENT-FINAL-REPO\Vivent-Backend\Vivent\lib\site-packages\httpcore\_sync\http2.py", line 443, in _read_incoming_data
    raise RemoteProtocolError("Server disconnected")
httpcore.RemoteProtocolError: Server disconnected

The above exception was the direct cause of the following exception:

Traceback (most recent call last):
  File "C:\Users\G L  B\Desktop\VIVENT-FINAL-REPO\Vivent-Backend\Vivent\lib\site-packages\uvicorn\protocols\http\httptools_impl.py", line 421, in run_asgi
    result = await app(  # type: ignore[func-returns-value]
  File "C:\Users\G L  B\Desktop\VIVENT-FINAL-REPO\Vivent-Backend\Vivent\lib\site-packages\uvicorn\middleware\proxy_headers.py", line 56, in __call__
    return await self.app(scope, receive, send)
  File "C:\Users\G L  B\Desktop\VIVENT-FINAL-REPO\Vivent-Backend\Vivent\lib\site-packages\fastapi\applications.py", line 1159, in __call__
    await super().__call__(scope, receive, send)
  File "C:\Users\G L  B\Desktop\VIVENT-FINAL-REPO\Vivent-Backend\Vivent\lib\site-packages\starlette\applications.py", line 90, in __call__
    await self.middleware_stack(scope, receive, send)
  File "C:\Users\G L  B\Desktop\VIVENT-FINAL-REPO\Vivent-Backend\Vivent\lib\site-packages\starlette\middleware\errors.py", line 186, in __call__
    raise exc
  File "C:\Users\G L  B\Desktop\VIVENT-FINAL-REPO\Vivent-Backend\Vivent\lib\site-packages\starlette\middleware\errors.py", line 164, in __call__
    await self.app(scope, receive, _send)
  File "C:\Users\G L  B\Desktop\VIVENT-FINAL-REPO\Vivent-Backend\Vivent\lib\site-packages\starlette\middleware\cors.py", line 96, in __call__
    await self.simple_response(scope, receive, send, request_headers=headers)
  File "C:\Users\G L  B\Desktop\VIVENT-FINAL-REPO\Vivent-Backend\Vivent\lib\site-packages\starlette\middleware\cors.py", line 154, in simple_response
    await self.app(scope, receive, send)
  File "C:\Users\G L  B\Desktop\VIVENT-FINAL-REPO\Vivent-Backend\Vivent\lib\site-packages\starlette\middleware\exceptions.py", line 63, in __call__
    await wrap_app_handling_exceptions(self.app, conn)(scope, receive, send)
  File "C:\Users\G L  B\Desktop\VIVENT-FINAL-REPO\Vivent-Backend\Vivent\lib\site-packages\starlette\_exception_handler.py", line 53, in wrapped_app
    raise exc
  File "C:\Users\G L  B\Desktop\VIVENT-FINAL-REPO\Vivent-Backend\Vivent\lib\site-packages\starlette\_exception_handler.py", line 42, in wrapped_app
    await app(scope, receive, sender)
  File "C:\Users\G L  B\Desktop\VIVENT-FINAL-REPO\Vivent-Backend\Vivent\lib\site-packages\fastapi\middleware\asyncexitstack.py", line 18, in __call__
    await self.app(scope, receive, send)
  File "C:\Users\G L  B\Desktop\VIVENT-FINAL-REPO\Vivent-Backend\Vivent\lib\site-packages\starlette\routing.py", line 660, in __call__
    await self.middleware_stack(scope, receive, send)
  File "C:\Users\G L  B\Desktop\VIVENT-FINAL-REPO\Vivent-Backend\Vivent\lib\site-packages\starlette\routing.py", line 680, in app
    await route.handle(scope, receive, send)
  File "C:\Users\G L  B\Desktop\VIVENT-FINAL-REPO\Vivent-Backend\Vivent\lib\site-packages\starlette\routing.py", line 276, in handle
    await self.app(scope, receive, send)
  File "C:\Users\G L  B\Desktop\VIVENT-FINAL-REPO\Vivent-Backend\Vivent\lib\site-packages\fastapi\routing.py", line 134, in app
    await wrap_app_handling_exceptions(app, request)(scope, receive, send)
  File "C:\Users\G L  B\Desktop\VIVENT-FINAL-REPO\Vivent-Backend\Vivent\lib\site-packages\starlette\_exception_handler.py", line 53, in wrapped_app
    raise exc
  File "C:\Users\G L  B\Desktop\VIVENT-FINAL-REPO\Vivent-Backend\Vivent\lib\site-packages\starlette\_exception_handler.py", line 42, in wrapped_app
    await app(scope, receive, sender)
  File "C:\Users\G L  B\Desktop\VIVENT-FINAL-REPO\Vivent-Backend\Vivent\lib\site-packages\fastapi\routing.py", line 120, in app
    response = await f(request)
  File "C:\Users\G L  B\Desktop\VIVENT-FINAL-REPO\Vivent-Backend\Vivent\lib\site-packages\fastapi\routing.py", line 674, in app
    raw_response = await run_endpoint_function(
  File "C:\Users\G L  B\Desktop\VIVENT-FINAL-REPO\Vivent-Backend\Vivent\lib\site-packages\fastapi\routing.py", line 330, in run_endpoint_function
    return await run_in_threadpool(dependant.call, **values)
  File "C:\Users\G L  B\Desktop\VIVENT-FINAL-REPO\Vivent-Backend\Vivent\lib\site-packages\starlette\concurrency.py", line 32, in run_in_threadpool
    return await anyio.to_thread.run_sync(func)
  File "C:\Users\G L  B\Desktop\VIVENT-FINAL-REPO\Vivent-Backend\Vivent\lib\site-packages\anyio\to_thread.py", line 63, in run_sync
    return await get_async_backend().run_sync_in_worker_thread(
  File "C:\Users\G L  B\Desktop\VIVENT-FINAL-REPO\Vivent-Backend\Vivent\lib\site-packages\anyio\_backends\_asyncio.py", line 2518, in run_sync_in_worker_thread
    return await future
  File "C:\Users\G L  B\Desktop\VIVENT-FINAL-REPO\Vivent-Backend\Vivent\lib\site-packages\anyio\_backends\_asyncio.py", line 1002, in run
    result = context.run(func, *args)
  File "C:\Users\G L  B\Desktop\VIVENT-FINAL-REPO\Vivent-Backend\routers\notifications.py", line 32, in unread_count
    response = supabase.table("notifications").select("id", count="exact").eq("user_id", current_user["id"]).eq("is_read", False).execute()
  File "C:\Users\G L  B\Desktop\VIVENT-FINAL-REPO\Vivent-Backend\Vivent\lib\site-packages\postgrest\_sync\request_builder.py", line 78, in execute
    r = send_with_retry(self.request)
  File "C:\Users\G L  B\Desktop\VIVENT-FINAL-REPO\Vivent-Backend\Vivent\lib\site-packages\postgrest\_sync\request_builder.py", line 50, in send_with_retry
    resp = req.send(headers)
  File "C:\Users\G L  B\Desktop\VIVENT-FINAL-REPO\Vivent-Backend\Vivent\lib\site-packages\postgrest\base_request_builder.py", line 90, in send
    return self.session.request(
  File "C:\Users\G L  B\Desktop\VIVENT-FINAL-REPO\Vivent-Backend\Vivent\lib\site-packages\httpx\_client.py", line 825, in request
    return self.send(request, auth=auth, follow_redirects=follow_redirects)
  File "C:\Users\G L  B\Desktop\VIVENT-FINAL-REPO\Vivent-Backend\Vivent\lib\site-packages\httpx\_client.py", line 914, in send
    response = self._send_handling_auth(
  File "C:\Users\G L  B\Desktop\VIVENT-FINAL-REPO\Vivent-Backend\Vivent\lib\site-packages\httpx\_client.py", line 942, in _send_handling_auth
    response = self._send_handling_redirects(
  File "C:\Users\G L  B\Desktop\VIVENT-FINAL-REPO\Vivent-Backend\Vivent\lib\site-packages\httpx\_client.py", line 979, in _send_handling_redirects
    response = self._send_single_request(request)
  File "C:\Users\G L  B\Desktop\VIVENT-FINAL-REPO\Vivent-Backend\Vivent\lib\site-packages\httpx\_client.py", line 1014, in _send_single_request
    response = transport.handle_request(request)
  File "C:\Users\G L  B\Desktop\VIVENT-FINAL-REPO\Vivent-Backend\Vivent\lib\site-packages\httpx\_transports\default.py", line 249, in handle_request
    with map_httpcore_exceptions():
  File "C:\Users\G L  B\AppData\Local\Programs\Python\Python310\lib\contextlib.py", line 153, in __exit__
    self.gen.throw(typ, value, traceback)
  File "C:\Users\G L  B\Desktop\VIVENT-FINAL-REPO\Vivent-Backend\Vivent\lib\site-packages\httpx\_transports\default.py", line 118, in map_httpcore_exceptions
    raise mapped_exc(message) from exc
httpx.RemoteProtocolError: Server disconnected
ERROR:    Exception in ASGI application
Traceback (most recent call last):
  File "C:\Users\G L  B\Desktop\VIVENT-FINAL-REPO\Vivent-Backend\Vivent\lib\site-packages\httpx\_transports\default.py", line 101, in map_httpcore_exceptions
    yield
  File "C:\Users\G L  B\Desktop\VIVENT-FINAL-REPO\Vivent-Backend\Vivent\lib\site-packages\httpx\_transports\default.py", line 250, in handle_request
    resp = self._pool.handle_request(req)
  File "C:\Users\G L  B\Desktop\VIVENT-FINAL-REPO\Vivent-Backend\Vivent\lib\site-packages\httpcore\_sync\connection_pool.py", line 256, in handle_request
    raise exc from None
  File "C:\Users\G L  B\Desktop\VIVENT-FINAL-REPO\Vivent-Backend\Vivent\lib\site-packages\httpcore\_sync\connection_pool.py", line 236, in handle_request
    response = connection.handle_request(
  File "C:\Users\G L  B\Desktop\VIVENT-FINAL-REPO\Vivent-Backend\Vivent\lib\site-packages\httpcore\_sync\connection.py", line 103, in handle_request
    return self._connection.handle_request(request)
  File "C:\Users\G L  B\Desktop\VIVENT-FINAL-REPO\Vivent-Backend\Vivent\lib\site-packages\httpcore\_sync\http2.py", line 187, in handle_request
    raise exc
  File "C:\Users\G L  B\Desktop\VIVENT-FINAL-REPO\Vivent-Backend\Vivent\lib\site-packages\httpcore\_sync\http2.py", line 150, in handle_request
    status, headers = self._receive_response(
  File "C:\Users\G L  B\Desktop\VIVENT-FINAL-REPO\Vivent-Backend\Vivent\lib\site-packages\httpcore\_sync\http2.py", line 294, in _receive_response
    event = self._receive_stream_event(request, stream_id)
  File "C:\Users\G L  B\Desktop\VIVENT-FINAL-REPO\Vivent-Backend\Vivent\lib\site-packages\httpcore\_sync\http2.py", line 336, in _receive_stream_event
    self._receive_events(request, stream_id)
  File "C:\Users\G L  B\Desktop\VIVENT-FINAL-REPO\Vivent-Backend\Vivent\lib\site-packages\httpcore\_sync\http2.py", line 364, in _receive_events
    events = self._read_incoming_data(request)
  File "C:\Users\G L  B\Desktop\VIVENT-FINAL-REPO\Vivent-Backend\Vivent\lib\site-packages\httpcore\_sync\http2.py", line 438, in _read_incoming_data
    raise self._read_exception  # pragma: nocover
  File "C:\Users\G L  B\Desktop\VIVENT-FINAL-REPO\Vivent-Backend\Vivent\lib\site-packages\httpx\_transports\default.py", line 101, in map_httpcore_exceptions
    yield
  File "C:\Users\G L  B\Desktop\VIVENT-FINAL-REPO\Vivent-Backend\Vivent\lib\site-packages\httpx\_transports\default.py", line 250, in handle_request
    resp = self._pool.handle_request(req)
  File "C:\Users\G L  B\Desktop\VIVENT-FINAL-REPO\Vivent-Backend\Vivent\lib\site-packages\httpcore\_sync\connection_pool.py", line 256, in handle_request
    raise exc from None
  File "C:\Users\G L  B\Desktop\VIVENT-FINAL-REPO\Vivent-Backend\Vivent\lib\site-packages\httpcore\_sync\connection_pool.py", line 236, in handle_request
    response = connection.handle_request(
  File "C:\Users\G L  B\Desktop\VIVENT-FINAL-REPO\Vivent-Backend\Vivent\lib\site-packages\httpcore\_sync\connection.py", line 103, in handle_request
    return self._connection.handle_request(request)
  File "C:\Users\G L  B\Desktop\VIVENT-FINAL-REPO\Vivent-Backend\Vivent\lib\site-packages\httpcore\_sync\http2.py", line 187, in handle_request
    raise exc
  File "C:\Users\G L  B\Desktop\VIVENT-FINAL-REPO\Vivent-Backend\Vivent\lib\site-packages\httpcore\_sync\http2.py", line 150, in handle_request
    status, headers = self._receive_response(
  File "C:\Users\G L  B\Desktop\VIVENT-FINAL-REPO\Vivent-Backend\Vivent\lib\site-packages\httpcore\_sync\http2.py", line 294, in _receive_response
    event = self._receive_stream_event(request, stream_id)
  File "C:\Users\G L  B\Desktop\VIVENT-FINAL-REPO\Vivent-Backend\Vivent\lib\site-packages\httpcore\_sync\http2.py", line 336, in _receive_stream_event
    self._receive_events(request, stream_id)
  File "C:\Users\G L  B\Desktop\VIVENT-FINAL-REPO\Vivent-Backend\Vivent\lib\site-packages\httpcore\_sync\http2.py", line 364, in _receive_events
    events = self._read_incoming_data(request)
  File "C:\Users\G L  B\Desktop\VIVENT-FINAL-REPO\Vivent-Backend\Vivent\lib\site-packages\httpcore\_sync\http2.py", line 455, in _read_incoming_data
    raise exc
  File "C:\Users\G L  B\Desktop\VIVENT-FINAL-REPO\Vivent-Backend\Vivent\lib\site-packages\httpcore\_sync\http2.py", line 443, in _read_incoming_data
    raise RemoteProtocolError("Server disconnected")
httpcore.RemoteProtocolError: Server disconnected

The above exception was the direct cause of the following exception:

Traceback (most recent call last):
  File "C:\Users\G L  B\Desktop\VIVENT-FINAL-REPO\Vivent-Backend\Vivent\lib\site-packages\uvicorn\protocols\http\httptools_impl.py", line 421, in run_asgi
    result = await app(  # type: ignore[func-returns-value]
  File "C:\Users\G L  B\Desktop\VIVENT-FINAL-REPO\Vivent-Backend\Vivent\lib\site-packages\uvicorn\middleware\proxy_headers.py", line 56, in __call__
    return await self.app(scope, receive, send)
  File "C:\Users\G L  B\Desktop\VIVENT-FINAL-REPO\Vivent-Backend\Vivent\lib\site-packages\fastapi\applications.py", line 1159, in __call__
    await super().__call__(scope, receive, send)
  File "C:\Users\G L  B\Desktop\VIVENT-FINAL-REPO\Vivent-Backend\Vivent\lib\site-packages\starlette\applications.py", line 90, in __call__
    await self.middleware_stack(scope, receive, send)
  File "C:\Users\G L  B\Desktop\VIVENT-FINAL-REPO\Vivent-Backend\Vivent\lib\site-packages\starlette\middleware\errors.py", line 186, in __call__
    raise exc
  File "C:\Users\G L  B\Desktop\VIVENT-FINAL-REPO\Vivent-Backend\Vivent\lib\site-packages\starlette\middleware\errors.py", line 164, in __call__
    await self.app(scope, receive, _send)
  File "C:\Users\G L  B\Desktop\VIVENT-FINAL-REPO\Vivent-Backend\Vivent\lib\site-packages\starlette\middleware\cors.py", line 96, in __call__
    await self.simple_response(scope, receive, send, request_headers=headers)
  File "C:\Users\G L  B\Desktop\VIVENT-FINAL-REPO\Vivent-Backend\Vivent\lib\site-packages\starlette\middleware\cors.py", line 154, in simple_response
    await self.app(scope, receive, send)
  File "C:\Users\G L  B\Desktop\VIVENT-FINAL-REPO\Vivent-Backend\Vivent\lib\site-packages\starlette\middleware\exceptions.py", line 63, in __call__
    await wrap_app_handling_exceptions(self.app, conn)(scope, receive, send)
  File "C:\Users\G L  B\Desktop\VIVENT-FINAL-REPO\Vivent-Backend\Vivent\lib\site-packages\starlette\_exception_handler.py", line 53, in wrapped_app
    raise exc
  File "C:\Users\G L  B\Desktop\VIVENT-FINAL-REPO\Vivent-Backend\Vivent\lib\site-packages\starlette\_exception_handler.py", line 42, in wrapped_app
    await app(scope, receive, sender)
  File "C:\Users\G L  B\Desktop\VIVENT-FINAL-REPO\Vivent-Backend\Vivent\lib\site-packages\fastapi\middleware\asyncexitstack.py", line 18, in __call__
    await self.app(scope, receive, send)
  File "C:\Users\G L  B\Desktop\VIVENT-FINAL-REPO\Vivent-Backend\Vivent\lib\site-packages\starlette\routing.py", line 660, in __call__
    await self.middleware_stack(scope, receive, send)
  File "C:\Users\G L  B\Desktop\VIVENT-FINAL-REPO\Vivent-Backend\Vivent\lib\site-packages\starlette\routing.py", line 680, in app
    await route.handle(scope, receive, send)
  File "C:\Users\G L  B\Desktop\VIVENT-FINAL-REPO\Vivent-Backend\Vivent\lib\site-packages\starlette\routing.py", line 276, in handle
    await self.app(scope, receive, send)
  File "C:\Users\G L  B\Desktop\VIVENT-FINAL-REPO\Vivent-Backend\Vivent\lib\site-packages\fastapi\routing.py", line 134, in app
    await wrap_app_handling_exceptions(app, request)(scope, receive, send)
  File "C:\Users\G L  B\Desktop\VIVENT-FINAL-REPO\Vivent-Backend\Vivent\lib\site-packages\starlette\_exception_handler.py", line 53, in wrapped_app
    raise exc
  File "C:\Users\G L  B\Desktop\VIVENT-FINAL-REPO\Vivent-Backend\Vivent\lib\site-packages\starlette\_exception_handler.py", line 42, in wrapped_app
    await app(scope, receive, sender)
  File "C:\Users\G L  B\Desktop\VIVENT-FINAL-REPO\Vivent-Backend\Vivent\lib\site-packages\fastapi\routing.py", line 120, in app
    response = await f(request)
  File "C:\Users\G L  B\Desktop\VIVENT-FINAL-REPO\Vivent-Backend\Vivent\lib\site-packages\fastapi\routing.py", line 674, in app
    raw_response = await run_endpoint_function(
  File "C:\Users\G L  B\Desktop\VIVENT-FINAL-REPO\Vivent-Backend\Vivent\lib\site-packages\fastapi\routing.py", line 330, in run_endpoint_function
    return await run_in_threadpool(dependant.call, **values)
  File "C:\Users\G L  B\Desktop\VIVENT-FINAL-REPO\Vivent-Backend\Vivent\lib\site-packages\starlette\concurrency.py", line 32, in run_in_threadpool
    return await anyio.to_thread.run_sync(func)
  File "C:\Users\G L  B\Desktop\VIVENT-FINAL-REPO\Vivent-Backend\Vivent\lib\site-packages\anyio\to_thread.py", line 63, in run_sync
    return await get_async_backend().run_sync_in_worker_thread(
  File "C:\Users\G L  B\Desktop\VIVENT-FINAL-REPO\Vivent-Backend\Vivent\lib\site-packages\anyio\_backends\_asyncio.py", line 2518, in run_sync_in_worker_thread
    return await future
  File "C:\Users\G L  B\Desktop\VIVENT-FINAL-REPO\Vivent-Backend\Vivent\lib\site-packages\anyio\_backends\_asyncio.py", line 1002, in run
    result = context.run(func, *args)
  File "C:\Users\G L  B\Desktop\VIVENT-FINAL-REPO\Vivent-Backend\routers\notifications.py", line 26, in list_notifications
    response = query.order("created_at", desc=True).range(offset, offset + limit - 1).execute()
  File "C:\Users\G L  B\Desktop\VIVENT-FINAL-REPO\Vivent-Backend\Vivent\lib\site-packages\postgrest\_sync\request_builder.py", line 78, in execute
    r = send_with_retry(self.request)
  File "C:\Users\G L  B\Desktop\VIVENT-FINAL-REPO\Vivent-Backend\Vivent\lib\site-packages\postgrest\_sync\request_builder.py", line 50, in send_with_retry
    resp = req.send(headers)
  File "C:\Users\G L  B\Desktop\VIVENT-FINAL-REPO\Vivent-Backend\Vivent\lib\site-packages\postgrest\base_request_builder.py", line 90, in send
    return self.session.request(
  File "C:\Users\G L  B\Desktop\VIVENT-FINAL-REPO\Vivent-Backend\Vivent\lib\site-packages\httpx\_client.py", line 825, in request
    return self.send(request, auth=auth, follow_redirects=follow_redirects)
  File "C:\Users\G L  B\Desktop\VIVENT-FINAL-REPO\Vivent-Backend\Vivent\lib\site-packages\httpx\_client.py", line 914, in send
    response = self._send_handling_auth(
  File "C:\Users\G L  B\Desktop\VIVENT-FINAL-REPO\Vivent-Backend\Vivent\lib\site-packages\httpx\_client.py", line 942, in _send_handling_auth
    response = self._send_handling_redirects(
  File "C:\Users\G L  B\Desktop\VIVENT-FINAL-REPO\Vivent-Backend\Vivent\lib\site-packages\httpx\_client.py", line 979, in _send_handling_redirects
    response = self._send_single_request(request)
  File "C:\Users\G L  B\Desktop\VIVENT-FINAL-REPO\Vivent-Backend\Vivent\lib\site-packages\httpx\_client.py", line 1014, in _send_single_request
    response = transport.handle_request(request)
  File "C:\Users\G L  B\Desktop\VIVENT-FINAL-REPO\Vivent-Backend\Vivent\lib\site-packages\httpx\_transports\default.py", line 249, in handle_request
    with map_httpcore_exceptions():
  File "C:\Users\G L  B\AppData\Local\Programs\Python\Python310\lib\contextlib.py", line 153, in __exit__
    self.gen.throw(typ, value, traceback)
  File "C:\Users\G L  B\Desktop\VIVENT-FINAL-REPO\Vivent-Backend\Vivent\lib\site-packages\httpx\_transports\default.py", line 118, in map_httpcore_exceptions
    raise mapped_exc(message) from exc
httpx.RemoteProtocolError: Server disconnected
ERROR:    Exception in ASGI application
Traceback (most recent call last):
  File "C:\Users\G L  B\Desktop\VIVENT-FINAL-REPO\Vivent-Backend\Vivent\lib\site-packages\httpx\_transports\default.py", line 101, in map_httpcore_exceptions
    yield
  File "C:\Users\G L  B\Desktop\VIVENT-FINAL-REPO\Vivent-Backend\Vivent\lib\site-packages\httpx\_transports\default.py", line 250, in handle_request
    resp = self._pool.handle_request(req)
  File "C:\Users\G L  B\Desktop\VIVENT-FINAL-REPO\Vivent-Backend\Vivent\lib\site-packages\httpcore\_sync\connection_pool.py", line 256, in handle_request
    raise exc from None
  File "C:\Users\G L  B\Desktop\VIVENT-FINAL-REPO\Vivent-Backend\Vivent\lib\site-packages\httpcore\_sync\connection_pool.py", line 236, in handle_request
    response = connection.handle_request(
  File "C:\Users\G L  B\Desktop\VIVENT-FINAL-REPO\Vivent-Backend\Vivent\lib\site-packages\httpcore\_sync\connection.py", line 103, in handle_request
    return self._connection.handle_request(request)
  File "C:\Users\G L  B\Desktop\VIVENT-FINAL-REPO\Vivent-Backend\Vivent\lib\site-packages\httpcore\_sync\http2.py", line 187, in handle_request
    raise exc
  File "C:\Users\G L  B\Desktop\VIVENT-FINAL-REPO\Vivent-Backend\Vivent\lib\site-packages\httpcore\_sync\http2.py", line 150, in handle_request
    status, headers = self._receive_response(
  File "C:\Users\G L  B\Desktop\VIVENT-FINAL-REPO\Vivent-Backend\Vivent\lib\site-packages\httpcore\_sync\http2.py", line 294, in _receive_response
    event = self._receive_stream_event(request, stream_id)
  File "C:\Users\G L  B\Desktop\VIVENT-FINAL-REPO\Vivent-Backend\Vivent\lib\site-packages\httpcore\_sync\http2.py", line 336, in _receive_stream_event
    self._receive_events(request, stream_id)
  File "C:\Users\G L  B\Desktop\VIVENT-FINAL-REPO\Vivent-Backend\Vivent\lib\site-packages\httpcore\_sync\http2.py", line 364, in _receive_events
    events = self._read_incoming_data(request)
  File "C:\Users\G L  B\Desktop\VIVENT-FINAL-REPO\Vivent-Backend\Vivent\lib\site-packages\httpcore\_sync\http2.py", line 438, in _read_incoming_data
    raise self._read_exception  # pragma: nocover
  File "C:\Users\G L  B\Desktop\VIVENT-FINAL-REPO\Vivent-Backend\Vivent\lib\site-packages\httpx\_transports\default.py", line 101, in map_httpcore_exceptions
    yield
  File "C:\Users\G L  B\Desktop\VIVENT-FINAL-REPO\Vivent-Backend\Vivent\lib\site-packages\httpx\_transports\default.py", line 250, in handle_request
    resp = self._pool.handle_request(req)
  File "C:\Users\G L  B\Desktop\VIVENT-FINAL-REPO\Vivent-Backend\Vivent\lib\site-packages\httpcore\_sync\connection_pool.py", line 256, in handle_request
    raise exc from None
  File "C:\Users\G L  B\Desktop\VIVENT-FINAL-REPO\Vivent-Backend\Vivent\lib\site-packages\httpcore\_sync\connection_pool.py", line 236, in handle_request
    response = connection.handle_request(
  File "C:\Users\G L  B\Desktop\VIVENT-FINAL-REPO\Vivent-Backend\Vivent\lib\site-packages\httpcore\_sync\connection.py", line 103, in handle_request
    return self._connection.handle_request(request)
  File "C:\Users\G L  B\Desktop\VIVENT-FINAL-REPO\Vivent-Backend\Vivent\lib\site-packages\httpcore\_sync\http2.py", line 187, in handle_request
    raise exc
  File "C:\Users\G L  B\Desktop\VIVENT-FINAL-REPO\Vivent-Backend\Vivent\lib\site-packages\httpcore\_sync\http2.py", line 150, in handle_request
    status, headers = self._receive_response(
  File "C:\Users\G L  B\Desktop\VIVENT-FINAL-REPO\Vivent-Backend\Vivent\lib\site-packages\httpcore\_sync\http2.py", line 294, in _receive_response
    event = self._receive_stream_event(request, stream_id)
  File "C:\Users\G L  B\Desktop\VIVENT-FINAL-REPO\Vivent-Backend\Vivent\lib\site-packages\httpcore\_sync\http2.py", line 336, in _receive_stream_event
    self._receive_events(request, stream_id)
  File "C:\Users\G L  B\Desktop\VIVENT-FINAL-REPO\Vivent-Backend\Vivent\lib\site-packages\httpcore\_sync\http2.py", line 364, in _receive_events
    events = self._read_incoming_data(request)
  File "C:\Users\G L  B\Desktop\VIVENT-FINAL-REPO\Vivent-Backend\Vivent\lib\site-packages\httpcore\_sync\http2.py", line 455, in _read_incoming_data
    raise exc
  File "C:\Users\G L  B\Desktop\VIVENT-FINAL-REPO\Vivent-Backend\Vivent\lib\site-packages\httpcore\_sync\http2.py", line 443, in _read_incoming_data
    raise RemoteProtocolError("Server disconnected")
httpcore.RemoteProtocolError: Server disconnected

The above exception was the direct cause of the following exception:

Traceback (most recent call last):
  File "C:\Users\G L  B\Desktop\VIVENT-FINAL-REPO\Vivent-Backend\Vivent\lib\site-packages\uvicorn\protocols\http\httptools_impl.py", line 421, in run_asgi
    result = await app(  # type: ignore[func-returns-value]
  File "C:\Users\G L  B\Desktop\VIVENT-FINAL-REPO\Vivent-Backend\Vivent\lib\site-packages\uvicorn\middleware\proxy_headers.py", line 56, in __call__
    return await self.app(scope, receive, send)
  File "C:\Users\G L  B\Desktop\VIVENT-FINAL-REPO\Vivent-Backend\Vivent\lib\site-packages\fastapi\applications.py", line 1159, in __call__
    await super().__call__(scope, receive, send)
  File "C:\Users\G L  B\Desktop\VIVENT-FINAL-REPO\Vivent-Backend\Vivent\lib\site-packages\starlette\applications.py", line 90, in __call__
    await self.middleware_stack(scope, receive, send)
  File "C:\Users\G L  B\Desktop\VIVENT-FINAL-REPO\Vivent-Backend\Vivent\lib\site-packages\starlette\middleware\errors.py", line 186, in __call__
    raise exc
  File "C:\Users\G L  B\Desktop\VIVENT-FINAL-REPO\Vivent-Backend\Vivent\lib\site-packages\starlette\middleware\errors.py", line 164, in __call__
    await self.app(scope, receive, _send)
  File "C:\Users\G L  B\Desktop\VIVENT-FINAL-REPO\Vivent-Backend\Vivent\lib\site-packages\starlette\middleware\cors.py", line 96, in __call__
    await self.simple_response(scope, receive, send, request_headers=headers)
  File "C:\Users\G L  B\Desktop\VIVENT-FINAL-REPO\Vivent-Backend\Vivent\lib\site-packages\starlette\middleware\cors.py", line 154, in simple_response
    await self.app(scope, receive, send)
  File "C:\Users\G L  B\Desktop\VIVENT-FINAL-REPO\Vivent-Backend\Vivent\lib\site-packages\starlette\middleware\exceptions.py", line 63, in __call__
    await wrap_app_handling_exceptions(self.app, conn)(scope, receive, send)
  File "C:\Users\G L  B\Desktop\VIVENT-FINAL-REPO\Vivent-Backend\Vivent\lib\site-packages\starlette\_exception_handler.py", line 53, in wrapped_app
    raise exc
  File "C:\Users\G L  B\Desktop\VIVENT-FINAL-REPO\Vivent-Backend\Vivent\lib\site-packages\starlette\_exception_handler.py", line 42, in wrapped_app
    await app(scope, receive, sender)
  File "C:\Users\G L  B\Desktop\VIVENT-FINAL-REPO\Vivent-Backend\Vivent\lib\site-packages\fastapi\middleware\asyncexitstack.py", line 18, in __call__
    await self.app(scope, receive, send)
  File "C:\Users\G L  B\Desktop\VIVENT-FINAL-REPO\Vivent-Backend\Vivent\lib\site-packages\starlette\routing.py", line 660, in __call__
    await self.middleware_stack(scope, receive, send)
  File "C:\Users\G L  B\Desktop\VIVENT-FINAL-REPO\Vivent-Backend\Vivent\lib\site-packages\starlette\routing.py", line 680, in app
    await route.handle(scope, receive, send)
  File "C:\Users\G L  B\Desktop\VIVENT-FINAL-REPO\Vivent-Backend\Vivent\lib\site-packages\starlette\routing.py", line 276, in handle
    await self.app(scope, receive, send)
  File "C:\Users\G L  B\Desktop\VIVENT-FINAL-REPO\Vivent-Backend\Vivent\lib\site-packages\fastapi\routing.py", line 134, in app
    await wrap_app_handling_exceptions(app, request)(scope, receive, send)
  File "C:\Users\G L  B\Desktop\VIVENT-FINAL-REPO\Vivent-Backend\Vivent\lib\site-packages\starlette\_exception_handler.py", line 53, in wrapped_app
    raise exc
  File "C:\Users\G L  B\Desktop\VIVENT-FINAL-REPO\Vivent-Backend\Vivent\lib\site-packages\starlette\_exception_handler.py", line 42, in wrapped_app
    await app(scope, receive, sender)
  File "C:\Users\G L  B\Desktop\VIVENT-FINAL-REPO\Vivent-Backend\Vivent\lib\site-packages\fastapi\routing.py", line 120, in app
    response = await f(request)
  File "C:\Users\G L  B\Desktop\VIVENT-FINAL-REPO\Vivent-Backend\Vivent\lib\site-packages\fastapi\routing.py", line 674, in app
    raw_response = await run_endpoint_function(
  File "C:\Users\G L  B\Desktop\VIVENT-FINAL-REPO\Vivent-Backend\Vivent\lib\site-packages\fastapi\routing.py", line 330, in run_endpoint_function
    return await run_in_threadpool(dependant.call, **values)
  File "C:\Users\G L  B\Desktop\VIVENT-FINAL-REPO\Vivent-Backend\Vivent\lib\site-packages\starlette\concurrency.py", line 32, in run_in_threadpool
    return await anyio.to_thread.run_sync(func)
  File "C:\Users\G L  B\Desktop\VIVENT-FINAL-REPO\Vivent-Backend\Vivent\lib\site-packages\anyio\to_thread.py", line 63, in run_sync
    return await get_async_backend().run_sync_in_worker_thread(
  File "C:\Users\G L  B\Desktop\VIVENT-FINAL-REPO\Vivent-Backend\Vivent\lib\site-packages\anyio\_backends\_asyncio.py", line 2518, in run_sync_in_worker_thread
    return await future
  File "C:\Users\G L  B\Desktop\VIVENT-FINAL-REPO\Vivent-Backend\Vivent\lib\site-packages\anyio\_backends\_asyncio.py", line 1002, in run
    result = context.run(func, *args)
  File "C:\Users\G L  B\Desktop\VIVENT-FINAL-REPO\Vivent-Backend\routers\campaigns.py", line 91, in campaign_detail
    campaign = _campaign_for_user(campaign_id, current_user)
  File "C:\Users\G L  B\Desktop\VIVENT-FINAL-REPO\Vivent-Backend\routers\campaigns.py", line 24, in _campaign_for_user
    campaign = get_row_or_404("campaigns", campaign_id)
  File "C:\Users\G L  B\Desktop\VIVENT-FINAL-REPO\Vivent-Backend\utils\helpers.py", line 58, in get_row_or_404
    response = supabase.table(table).select("*").eq("id", row_id).limit(1).execute()
  File "C:\Users\G L  B\Desktop\VIVENT-FINAL-REPO\Vivent-Backend\Vivent\lib\site-packages\postgrest\_sync\request_builder.py", line 78, in execute
    r = send_with_retry(self.request)
  File "C:\Users\G L  B\Desktop\VIVENT-FINAL-REPO\Vivent-Backend\Vivent\lib\site-packages\postgrest\_sync\request_builder.py", line 50, in send_with_retry
    resp = req.send(headers)
  File "C:\Users\G L  B\Desktop\VIVENT-FINAL-REPO\Vivent-Backend\Vivent\lib\site-packages\postgrest\base_request_builder.py", line 90, in send
    return self.session.request(
  File "C:\Users\G L  B\Desktop\VIVENT-FINAL-REPO\Vivent-Backend\Vivent\lib\site-packages\httpx\_client.py", line 825, in request
    return self.send(request, auth=auth, follow_redirects=follow_redirects)
  File "C:\Users\G L  B\Desktop\VIVENT-FINAL-REPO\Vivent-Backend\Vivent\lib\site-packages\httpx\_client.py", line 914, in send
    response = self._send_handling_auth(
  File "C:\Users\G L  B\Desktop\VIVENT-FINAL-REPO\Vivent-Backend\Vivent\lib\site-packages\httpx\_client.py", line 942, in _send_handling_auth
    response = self._send_handling_redirects(
  File "C:\Users\G L  B\Desktop\VIVENT-FINAL-REPO\Vivent-Backend\Vivent\lib\site-packages\httpx\_client.py", line 979, in _send_handling_redirects
    response = self._send_single_request(request)
  File "C:\Users\G L  B\Desktop\VIVENT-FINAL-REPO\Vivent-Backend\Vivent\lib\site-packages\httpx\_client.py", line 1014, in _send_single_request
    response = transport.handle_request(request)
  File "C:\Users\G L  B\Desktop\VIVENT-FINAL-REPO\Vivent-Backend\Vivent\lib\site-packages\httpx\_transports\default.py", line 249, in handle_request
    with map_httpcore_exceptions():
  File "C:\Users\G L  B\AppData\Local\Programs\Python\Python310\lib\contextlib.py", line 153, in __exit__
    self.gen.throw(typ, value, traceback)
  File "C:\Users\G L  B\Desktop\VIVENT-FINAL-REPO\Vivent-Backend\Vivent\lib\site-packages\httpx\_transports\default.py", line 118, in map_httpcore_exceptions
    raise mapped_exc(message) from exc
httpx.RemoteProtocolError: Server disconnected
ERROR:    Exception in ASGI application
Traceback (most recent call last):
  File "C:\Users\G L  B\Desktop\VIVENT-FINAL-REPO\Vivent-Backend\Vivent\lib\site-packages\httpx\_transports\default.py", line 101, in map_httpcore_exceptions
    yield
  File "C:\Users\G L  B\Desktop\VIVENT-FINAL-REPO\Vivent-Backend\Vivent\lib\site-packages\httpx\_transports\default.py", line 250, in handle_request
    resp = self._pool.handle_request(req)
  File "C:\Users\G L  B\Desktop\VIVENT-FINAL-REPO\Vivent-Backend\Vivent\lib\site-packages\httpcore\_sync\connection_pool.py", line 256, in handle_request
    raise exc from None
  File "C:\Users\G L  B\Desktop\VIVENT-FINAL-REPO\Vivent-Backend\Vivent\lib\site-packages\httpcore\_sync\connection_pool.py", line 236, in handle_request
    response = connection.handle_request(
  File "C:\Users\G L  B\Desktop\VIVENT-FINAL-REPO\Vivent-Backend\Vivent\lib\site-packages\httpcore\_sync\connection.py", line 103, in handle_request
    return self._connection.handle_request(request)
  File "C:\Users\G L  B\Desktop\VIVENT-FINAL-REPO\Vivent-Backend\Vivent\lib\site-packages\httpcore\_sync\http2.py", line 187, in handle_request
    raise exc
  File "C:\Users\G L  B\Desktop\VIVENT-FINAL-REPO\Vivent-Backend\Vivent\lib\site-packages\httpcore\_sync\http2.py", line 150, in handle_request
    status, headers = self._receive_response(
  File "C:\Users\G L  B\Desktop\VIVENT-FINAL-REPO\Vivent-Backend\Vivent\lib\site-packages\httpcore\_sync\http2.py", line 294, in _receive_response
    event = self._receive_stream_event(request, stream_id)
  File "C:\Users\G L  B\Desktop\VIVENT-FINAL-REPO\Vivent-Backend\Vivent\lib\site-packages\httpcore\_sync\http2.py", line 336, in _receive_stream_event
    self._receive_events(request, stream_id)
  File "C:\Users\G L  B\Desktop\VIVENT-FINAL-REPO\Vivent-Backend\Vivent\lib\site-packages\httpcore\_sync\http2.py", line 364, in _receive_events
    events = self._read_incoming_data(request)
  File "C:\Users\G L  B\Desktop\VIVENT-FINAL-REPO\Vivent-Backend\Vivent\lib\site-packages\httpcore\_sync\http2.py", line 438, in _read_incoming_data
    raise self._read_exception  # pragma: nocover
  File "C:\Users\G L  B\Desktop\VIVENT-FINAL-REPO\Vivent-Backend\Vivent\lib\site-packages\httpx\_transports\default.py", line 101, in map_httpcore_exceptions
    yield
  File "C:\Users\G L  B\Desktop\VIVENT-FINAL-REPO\Vivent-Backend\Vivent\lib\site-packages\httpx\_transports\default.py", line 250, in handle_request
    resp = self._pool.handle_request(req)
  File "C:\Users\G L  B\Desktop\VIVENT-FINAL-REPO\Vivent-Backend\Vivent\lib\site-packages\httpcore\_sync\connection_pool.py", line 256, in handle_request
    raise exc from None
  File "C:\Users\G L  B\Desktop\VIVENT-FINAL-REPO\Vivent-Backend\Vivent\lib\site-packages\httpcore\_sync\connection_pool.py", line 236, in handle_request
    response = connection.handle_request(
  File "C:\Users\G L  B\Desktop\VIVENT-FINAL-REPO\Vivent-Backend\Vivent\lib\site-packages\httpcore\_sync\connection.py", line 103, in handle_request
    return self._connection.handle_request(request)
  File "C:\Users\G L  B\Desktop\VIVENT-FINAL-REPO\Vivent-Backend\Vivent\lib\site-packages\httpcore\_sync\http2.py", line 187, in handle_request
    raise exc
  File "C:\Users\G L  B\Desktop\VIVENT-FINAL-REPO\Vivent-Backend\Vivent\lib\site-packages\httpcore\_sync\http2.py", line 150, in handle_request
    status, headers = self._receive_response(
  File "C:\Users\G L  B\Desktop\VIVENT-FINAL-REPO\Vivent-Backend\Vivent\lib\site-packages\httpcore\_sync\http2.py", line 294, in _receive_response
    event = self._receive_stream_event(request, stream_id)
  File "C:\Users\G L  B\Desktop\VIVENT-FINAL-REPO\Vivent-Backend\Vivent\lib\site-packages\httpcore\_sync\http2.py", line 336, in _receive_stream_event
    self._receive_events(request, stream_id)
  File "C:\Users\G L  B\Desktop\VIVENT-FINAL-REPO\Vivent-Backend\Vivent\lib\site-packages\httpcore\_sync\http2.py", line 364, in _receive_events
    events = self._read_incoming_data(request)
  File "C:\Users\G L  B\Desktop\VIVENT-FINAL-REPO\Vivent-Backend\Vivent\lib\site-packages\httpcore\_sync\http2.py", line 455, in _read_incoming_data
    raise exc
  File "C:\Users\G L  B\Desktop\VIVENT-FINAL-REPO\Vivent-Backend\Vivent\lib\site-packages\httpcore\_sync\http2.py", line 443, in _read_incoming_data
    raise RemoteProtocolError("Server disconnected")
httpcore.RemoteProtocolError: Server disconnected

The above exception was the direct cause of the following exception:

Traceback (most recent call last):
  File "C:\Users\G L  B\Desktop\VIVENT-FINAL-REPO\Vivent-Backend\Vivent\lib\site-packages\uvicorn\protocols\http\httptools_impl.py", line 421, in run_asgi
    result = await app(  # type: ignore[func-returns-value]
  File "C:\Users\G L  B\Desktop\VIVENT-FINAL-REPO\Vivent-Backend\Vivent\lib\site-packages\uvicorn\middleware\proxy_headers.py", line 56, in __call__
    return await self.app(scope, receive, send)
  File "C:\Users\G L  B\Desktop\VIVENT-FINAL-REPO\Vivent-Backend\Vivent\lib\site-packages\fastapi\applications.py", line 1159, in __call__
    await super().__call__(scope, receive, send)
  File "C:\Users\G L  B\Desktop\VIVENT-FINAL-REPO\Vivent-Backend\Vivent\lib\site-packages\starlette\applications.py", line 90, in __call__
    await self.middleware_stack(scope, receive, send)
  File "C:\Users\G L  B\Desktop\VIVENT-FINAL-REPO\Vivent-Backend\Vivent\lib\site-packages\starlette\middleware\errors.py", line 186, in __call__
    raise exc
  File "C:\Users\G L  B\Desktop\VIVENT-FINAL-REPO\Vivent-Backend\Vivent\lib\site-packages\starlette\middleware\errors.py", line 164, in __call__
    await self.app(scope, receive, _send)
  File "C:\Users\G L  B\Desktop\VIVENT-FINAL-REPO\Vivent-Backend\Vivent\lib\site-packages\starlette\middleware\cors.py", line 96, in __call__
    await self.simple_response(scope, receive, send, request_headers=headers)
  File "C:\Users\G L  B\Desktop\VIVENT-FINAL-REPO\Vivent-Backend\Vivent\lib\site-packages\starlette\middleware\cors.py", line 154, in simple_response
    await self.app(scope, receive, send)
  File "C:\Users\G L  B\Desktop\VIVENT-FINAL-REPO\Vivent-Backend\Vivent\lib\site-packages\starlette\middleware\exceptions.py", line 63, in __call__
    await wrap_app_handling_exceptions(self.app, conn)(scope, receive, send)
  File "C:\Users\G L  B\Desktop\VIVENT-FINAL-REPO\Vivent-Backend\Vivent\lib\site-packages\starlette\_exception_handler.py", line 53, in wrapped_app
    raise exc
  File "C:\Users\G L  B\Desktop\VIVENT-FINAL-REPO\Vivent-Backend\Vivent\lib\site-packages\starlette\_exception_handler.py", line 42, in wrapped_app
    await app(scope, receive, sender)
  File "C:\Users\G L  B\Desktop\VIVENT-FINAL-REPO\Vivent-Backend\Vivent\lib\site-packages\fastapi\middleware\asyncexitstack.py", line 18, in __call__
    await self.app(scope, receive, send)
  File "C:\Users\G L  B\Desktop\VIVENT-FINAL-REPO\Vivent-Backend\Vivent\lib\site-packages\starlette\routing.py", line 660, in __call__
    await self.middleware_stack(scope, receive, send)
  File "C:\Users\G L  B\Desktop\VIVENT-FINAL-REPO\Vivent-Backend\Vivent\lib\site-packages\starlette\routing.py", line 680, in app
    await route.handle(scope, receive, send)
  File "C:\Users\G L  B\Desktop\VIVENT-FINAL-REPO\Vivent-Backend\Vivent\lib\site-packages\starlette\routing.py", line 276, in handle
    await self.app(scope, receive, send)
  File "C:\Users\G L  B\Desktop\VIVENT-FINAL-REPO\Vivent-Backend\Vivent\lib\site-packages\fastapi\routing.py", line 134, in app
    await wrap_app_handling_exceptions(app, request)(scope, receive, send)
  File "C:\Users\G L  B\Desktop\VIVENT-FINAL-REPO\Vivent-Backend\Vivent\lib\site-packages\starlette\_exception_handler.py", line 53, in wrapped_app
    raise exc
  File "C:\Users\G L  B\Desktop\VIVENT-FINAL-REPO\Vivent-Backend\Vivent\lib\site-packages\starlette\_exception_handler.py", line 42, in wrapped_app
    await app(scope, receive, sender)
  File "C:\Users\G L  B\Desktop\VIVENT-FINAL-REPO\Vivent-Backend\Vivent\lib\site-packages\fastapi\routing.py", line 120, in app
    response = await f(request)
  File "C:\Users\G L  B\Desktop\VIVENT-FINAL-REPO\Vivent-Backend\Vivent\lib\site-packages\fastapi\routing.py", line 674, in app
    raw_response = await run_endpoint_function(
  File "C:\Users\G L  B\Desktop\VIVENT-FINAL-REPO\Vivent-Backend\Vivent\lib\site-packages\fastapi\routing.py", line 330, in run_endpoint_function
    return await run_in_threadpool(dependant.call, **values)
  File "C:\Users\G L  B\Desktop\VIVENT-FINAL-REPO\Vivent-Backend\Vivent\lib\site-packages\starlette\concurrency.py", line 32, in run_in_threadpool
    return await anyio.to_thread.run_sync(func)
  File "C:\Users\G L  B\Desktop\VIVENT-FINAL-REPO\Vivent-Backend\Vivent\lib\site-packages\anyio\to_thread.py", line 63, in run_sync
    return await get_async_backend().run_sync_in_worker_thread(
  File "C:\Users\G L  B\Desktop\VIVENT-FINAL-REPO\Vivent-Backend\Vivent\lib\site-packages\anyio\_backends\_asyncio.py", line 2518, in run_sync_in_worker_thread
    return await future
  File "C:\Users\G L  B\Desktop\VIVENT-FINAL-REPO\Vivent-Backend\Vivent\lib\site-packages\anyio\_backends\_asyncio.py", line 1002, in run
    result = context.run(func, *args)
  File "C:\Users\G L  B\Desktop\VIVENT-FINAL-REPO\Vivent-Backend\routers\campaigns.py", line 86, in list_campaigns
    return supabase.table("campaigns").select("*, plans(name), campaign_platforms(*)").order("created_at", desc=True).execute().data or []
  File "C:\Users\G L  B\Desktop\VIVENT-FINAL-REPO\Vivent-Backend\Vivent\lib\site-packages\postgrest\_sync\request_builder.py", line 78, in execute
    r = send_with_retry(self.request)
  File "C:\Users\G L  B\Desktop\VIVENT-FINAL-REPO\Vivent-Backend\Vivent\lib\site-packages\postgrest\_sync\request_builder.py", line 50, in send_with_retry
    resp = req.send(headers)
  File "C:\Users\G L  B\Desktop\VIVENT-FINAL-REPO\Vivent-Backend\Vivent\lib\site-packages\postgrest\base_request_builder.py", line 90, in send
    return self.session.request(
  File "C:\Users\G L  B\Desktop\VIVENT-FINAL-REPO\Vivent-Backend\Vivent\lib\site-packages\httpx\_client.py", line 825, in request
    return self.send(request, auth=auth, follow_redirects=follow_redirects)
  File "C:\Users\G L  B\Desktop\VIVENT-FINAL-REPO\Vivent-Backend\Vivent\lib\site-packages\httpx\_client.py", line 914, in send
    response = self._send_handling_auth(
  File "C:\Users\G L  B\Desktop\VIVENT-FINAL-REPO\Vivent-Backend\Vivent\lib\site-packages\httpx\_client.py", line 942, in _send_handling_auth
    response = self._send_handling_redirects(
  File "C:\Users\G L  B\Desktop\VIVENT-FINAL-REPO\Vivent-Backend\Vivent\lib\site-packages\httpx\_client.py", line 979, in _send_handling_redirects
    response = self._send_single_request(request)
  File "C:\Users\G L  B\Desktop\VIVENT-FINAL-REPO\Vivent-Backend\Vivent\lib\site-packages\httpx\_client.py", line 1014, in _send_single_request
    response = transport.handle_request(request)
  File "C:\Users\G L  B\Desktop\VIVENT-FINAL-REPO\Vivent-Backend\Vivent\lib\site-packages\httpx\_transports\default.py", line 249, in handle_request
    with map_httpcore_exceptions():
  File "C:\Users\G L  B\AppData\Local\Programs\Python\Python310\lib\contextlib.py", line 153, in __exit__
    self.gen.throw(typ, value, traceback)
  File "C:\Users\G L  B\Desktop\VIVENT-FINAL-REPO\Vivent-Backend\Vivent\lib\site-packages\httpx\_transports\default.py", line 118, in map_httpcore_exceptions
    raise mapped_exc(message) from exc
httpx.RemoteProtocolError: Server disconnected
ERROR:    Exception in ASGI application
Traceback (most recent call last):
  File "C:\Users\G L  B\Desktop\VIVENT-FINAL-REPO\Vivent-Backend\Vivent\lib\site-packages\httpx\_transports\default.py", line 101, in map_httpcore_exceptions
    yield
  File "C:\Users\G L  B\Desktop\VIVENT-FINAL-REPO\Vivent-Backend\Vivent\lib\site-packages\httpx\_transports\default.py", line 250, in handle_request
    resp = self._pool.handle_request(req)
  File "C:\Users\G L  B\Desktop\VIVENT-FINAL-REPO\Vivent-Backend\Vivent\lib\site-packages\httpcore\_sync\connection_pool.py", line 256, in handle_request
    raise exc from None
  File "C:\Users\G L  B\Desktop\VIVENT-FINAL-REPO\Vivent-Backend\Vivent\lib\site-packages\httpcore\_sync\connection_pool.py", line 236, in handle_request
    response = connection.handle_request(
  File "C:\Users\G L  B\Desktop\VIVENT-FINAL-REPO\Vivent-Backend\Vivent\lib\site-packages\httpcore\_sync\connection.py", line 103, in handle_request
    return self._connection.handle_request(request)
  File "C:\Users\G L  B\Desktop\VIVENT-FINAL-REPO\Vivent-Backend\Vivent\lib\site-packages\httpcore\_sync\http2.py", line 187, in handle_request
    raise exc
  File "C:\Users\G L  B\Desktop\VIVENT-FINAL-REPO\Vivent-Backend\Vivent\lib\site-packages\httpcore\_sync\http2.py", line 150, in handle_request
    status, headers = self._receive_response(
  File "C:\Users\G L  B\Desktop\VIVENT-FINAL-REPO\Vivent-Backend\Vivent\lib\site-packages\httpcore\_sync\http2.py", line 294, in _receive_response
    event = self._receive_stream_event(request, stream_id)
  File "C:\Users\G L  B\Desktop\VIVENT-FINAL-REPO\Vivent-Backend\Vivent\lib\site-packages\httpcore\_sync\http2.py", line 336, in _receive_stream_event
    self._receive_events(request, stream_id)
  File "C:\Users\G L  B\Desktop\VIVENT-FINAL-REPO\Vivent-Backend\Vivent\lib\site-packages\httpcore\_sync\http2.py", line 364, in _receive_events
    events = self._read_incoming_data(request)
  File "C:\Users\G L  B\Desktop\VIVENT-FINAL-REPO\Vivent-Backend\Vivent\lib\site-packages\httpcore\_sync\http2.py", line 438, in _read_incoming_data
    raise self._read_exception  # pragma: nocover
  File "C:\Users\G L  B\Desktop\VIVENT-FINAL-REPO\Vivent-Backend\Vivent\lib\site-packages\httpx\_transports\default.py", line 101, in map_httpcore_exceptions
    yield
  File "C:\Users\G L  B\Desktop\VIVENT-FINAL-REPO\Vivent-Backend\Vivent\lib\site-packages\httpx\_transports\default.py", line 250, in handle_request
    resp = self._pool.handle_request(req)
  File "C:\Users\G L  B\Desktop\VIVENT-FINAL-REPO\Vivent-Backend\Vivent\lib\site-packages\httpcore\_sync\connection_pool.py", line 256, in handle_request
    raise exc from None
  File "C:\Users\G L  B\Desktop\VIVENT-FINAL-REPO\Vivent-Backend\Vivent\lib\site-packages\httpcore\_sync\connection_pool.py", line 236, in handle_request
    response = connection.handle_request(
  File "C:\Users\G L  B\Desktop\VIVENT-FINAL-REPO\Vivent-Backend\Vivent\lib\site-packages\httpcore\_sync\connection.py", line 103, in handle_request
    return self._connection.handle_request(request)
  File "C:\Users\G L  B\Desktop\VIVENT-FINAL-REPO\Vivent-Backend\Vivent\lib\site-packages\httpcore\_sync\http2.py", line 187, in handle_request
    raise exc
  File "C:\Users\G L  B\Desktop\VIVENT-FINAL-REPO\Vivent-Backend\Vivent\lib\site-packages\httpcore\_sync\http2.py", line 150, in handle_request
    status, headers = self._receive_response(
  File "C:\Users\G L  B\Desktop\VIVENT-FINAL-REPO\Vivent-Backend\Vivent\lib\site-packages\httpcore\_sync\http2.py", line 294, in _receive_response
    event = self._receive_stream_event(request, stream_id)
  File "C:\Users\G L  B\Desktop\VIVENT-FINAL-REPO\Vivent-Backend\Vivent\lib\site-packages\httpcore\_sync\http2.py", line 336, in _receive_stream_event
    self._receive_events(request, stream_id)
  File "C:\Users\G L  B\Desktop\VIVENT-FINAL-REPO\Vivent-Backend\Vivent\lib\site-packages\httpcore\_sync\http2.py", line 364, in _receive_events
    events = self._read_incoming_data(request)
  File "C:\Users\G L  B\Desktop\VIVENT-FINAL-REPO\Vivent-Backend\Vivent\lib\site-packages\httpcore\_sync\http2.py", line 455, in _read_incoming_data
    raise exc
  File "C:\Users\G L  B\Desktop\VIVENT-FINAL-REPO\Vivent-Backend\Vivent\lib\site-packages\httpcore\_sync\http2.py", line 443, in _read_incoming_data
    raise RemoteProtocolError("Server disconnected")
httpcore.RemoteProtocolError: Server disconnected

The above exception was the direct cause of the following exception:

Traceback (most recent call last):
  File "C:\Users\G L  B\Desktop\VIVENT-FINAL-REPO\Vivent-Backend\Vivent\lib\site-packages\uvicorn\protocols\http\httptools_impl.py", line 421, in run_asgi
    result = await app(  # type: ignore[func-returns-value]
  File "C:\Users\G L  B\Desktop\VIVENT-FINAL-REPO\Vivent-Backend\Vivent\lib\site-packages\uvicorn\middleware\proxy_headers.py", line 56, in __call__
    return await self.app(scope, receive, send)
  File "C:\Users\G L  B\Desktop\VIVENT-FINAL-REPO\Vivent-Backend\Vivent\lib\site-packages\fastapi\applications.py", line 1159, in __call__
    await super().__call__(scope, receive, send)
  File "C:\Users\G L  B\Desktop\VIVENT-FINAL-REPO\Vivent-Backend\Vivent\lib\site-packages\starlette\applications.py", line 90, in __call__
    await self.middleware_stack(scope, receive, send)
  File "C:\Users\G L  B\Desktop\VIVENT-FINAL-REPO\Vivent-Backend\Vivent\lib\site-packages\starlette\middleware\errors.py", line 186, in __call__
    raise exc
  File "C:\Users\G L  B\Desktop\VIVENT-FINAL-REPO\Vivent-Backend\Vivent\lib\site-packages\starlette\middleware\errors.py", line 164, in __call__
    await self.app(scope, receive, _send)
  File "C:\Users\G L  B\Desktop\VIVENT-FINAL-REPO\Vivent-Backend\Vivent\lib\site-packages\starlette\middleware\cors.py", line 96, in __call__
    await self.simple_response(scope, receive, send, request_headers=headers)
  File "C:\Users\G L  B\Desktop\VIVENT-FINAL-REPO\Vivent-Backend\Vivent\lib\site-packages\starlette\middleware\cors.py", line 154, in simple_response
    await self.app(scope, receive, send)
  File "C:\Users\G L  B\Desktop\VIVENT-FINAL-REPO\Vivent-Backend\Vivent\lib\site-packages\starlette\middleware\exceptions.py", line 63, in __call__
    await wrap_app_handling_exceptions(self.app, conn)(scope, receive, send)
  File "C:\Users\G L  B\Desktop\VIVENT-FINAL-REPO\Vivent-Backend\Vivent\lib\site-packages\starlette\_exception_handler.py", line 53, in wrapped_app
    raise exc
  File "C:\Users\G L  B\Desktop\VIVENT-FINAL-REPO\Vivent-Backend\Vivent\lib\site-packages\starlette\_exception_handler.py", line 42, in wrapped_app
    await app(scope, receive, sender)
  File "C:\Users\G L  B\Desktop\VIVENT-FINAL-REPO\Vivent-Backend\Vivent\lib\site-packages\fastapi\middleware\asyncexitstack.py", line 18, in __call__
    await self.app(scope, receive, send)
  File "C:\Users\G L  B\Desktop\VIVENT-FINAL-REPO\Vivent-Backend\Vivent\lib\site-packages\starlette\routing.py", line 660, in __call__
    await self.middleware_stack(scope, receive, send)
  File "C:\Users\G L  B\Desktop\VIVENT-FINAL-REPO\Vivent-Backend\Vivent\lib\site-packages\starlette\routing.py", line 680, in app
    await route.handle(scope, receive, send)
  File "C:\Users\G L  B\Desktop\VIVENT-FINAL-REPO\Vivent-Backend\Vivent\lib\site-packages\starlette\routing.py", line 276, in handle
    await self.app(scope, receive, send)
  File "C:\Users\G L  B\Desktop\VIVENT-FINAL-REPO\Vivent-Backend\Vivent\lib\site-packages\fastapi\routing.py", line 134, in app
    await wrap_app_handling_exceptions(app, request)(scope, receive, send)
  File "C:\Users\G L  B\Desktop\VIVENT-FINAL-REPO\Vivent-Backend\Vivent\lib\site-packages\starlette\_exception_handler.py", line 53, in wrapped_app
    raise exc
  File "C:\Users\G L  B\Desktop\VIVENT-FINAL-REPO\Vivent-Backend\Vivent\lib\site-packages\starlette\_exception_handler.py", line 42, in wrapped_app
    await app(scope, receive, sender)
  File "C:\Users\G L  B\Desktop\VIVENT-FINAL-REPO\Vivent-Backend\Vivent\lib\site-packages\fastapi\routing.py", line 120, in app
    response = await f(request)
  File "C:\Users\G L  B\Desktop\VIVENT-FINAL-REPO\Vivent-Backend\Vivent\lib\site-packages\fastapi\routing.py", line 457, in app
    solved_result = await solve_dependencies(
  File "C:\Users\G L  B\Desktop\VIVENT-FINAL-REPO\Vivent-Backend\Vivent\lib\site-packages\fastapi\dependencies\utils.py", line 680, in solve_dependencies
    solved = await run_in_threadpool(call, **solved_result.values)
  File "C:\Users\G L  B\Desktop\VIVENT-FINAL-REPO\Vivent-Backend\Vivent\lib\site-packages\starlette\concurrency.py", line 32, in run_in_threadpool
    return await anyio.to_thread.run_sync(func)
  File "C:\Users\G L  B\Desktop\VIVENT-FINAL-REPO\Vivent-Backend\Vivent\lib\site-packages\anyio\to_thread.py", line 63, in run_sync
    return await get_async_backend().run_sync_in_worker_thread(
  File "C:\Users\G L  B\Desktop\VIVENT-FINAL-REPO\Vivent-Backend\Vivent\lib\site-packages\anyio\_backends\_asyncio.py", line 2518, in run_sync_in_worker_thread
    return await future
  File "C:\Users\G L  B\Desktop\VIVENT-FINAL-REPO\Vivent-Backend\Vivent\lib\site-packages\anyio\_backends\_asyncio.py", line 1002, in run
    result = context.run(func, *args)
  File "C:\Users\G L  B\Desktop\VIVENT-FINAL-REPO\Vivent-Backend\dependencies.py", line 71, in get_current_user
    user = _lookup_user_by_token_payload(payload)
  File "C:\Users\G L  B\Desktop\VIVENT-FINAL-REPO\Vivent-Backend\dependencies.py", line 27, in _lookup_user_by_token_payload
    response = supabase.table("users").select("*").eq("id", user_id).limit(1).execute()
  File "C:\Users\G L  B\Desktop\VIVENT-FINAL-REPO\Vivent-Backend\Vivent\lib\site-packages\postgrest\_sync\request_builder.py", line 78, in execute
    r = send_with_retry(self.request)
  File "C:\Users\G L  B\Desktop\VIVENT-FINAL-REPO\Vivent-Backend\Vivent\lib\site-packages\postgrest\_sync\request_builder.py", line 50, in send_with_retry
    resp = req.send(headers)
  File "C:\Users\G L  B\Desktop\VIVENT-FINAL-REPO\Vivent-Backend\Vivent\lib\site-packages\postgrest\base_request_builder.py", line 90, in send
    return self.session.request(
  File "C:\Users\G L  B\Desktop\VIVENT-FINAL-REPO\Vivent-Backend\Vivent\lib\site-packages\httpx\_client.py", line 825, in request
    return self.send(request, auth=auth, follow_redirects=follow_redirects)
  File "C:\Users\G L  B\Desktop\VIVENT-FINAL-REPO\Vivent-Backend\Vivent\lib\site-packages\httpx\_client.py", line 914, in send
    response = self._send_handling_auth(
  File "C:\Users\G L  B\Desktop\VIVENT-FINAL-REPO\Vivent-Backend\Vivent\lib\site-packages\httpx\_client.py", line 942, in _send_handling_auth
    response = self._send_handling_redirects(
  File "C:\Users\G L  B\Desktop\VIVENT-FINAL-REPO\Vivent-Backend\Vivent\lib\site-packages\httpx\_client.py", line 979, in _send_handling_redirects
    response = self._send_single_request(request)
  File "C:\Users\G L  B\Desktop\VIVENT-FINAL-REPO\Vivent-Backend\Vivent\lib\site-packages\httpx\_client.py", line 1014, in _send_single_request
    response = transport.handle_request(request)
  File "C:\Users\G L  B\Desktop\VIVENT-FINAL-REPO\Vivent-Backend\Vivent\lib\site-packages\httpx\_transports\default.py", line 249, in handle_request
    with map_httpcore_exceptions():
  File "C:\Users\G L  B\AppData\Local\Programs\Python\Python310\lib\contextlib.py", line 153, in __exit__
    self.gen.throw(typ, value, traceback)
  File "C:\Users\G L  B\Desktop\VIVENT-FINAL-REPO\Vivent-Backend\Vivent\lib\site-packages\httpx\_transports\default.py", line 118, in map_httpcore_exceptions
    raise mapped_exc(message) from exc
httpx.RemoteProtocolError: Server disconnected
ERROR:    Exception in ASGI application
Traceback (most recent call last):
  File "C:\Users\G L  B\Desktop\VIVENT-FINAL-REPO\Vivent-Backend\Vivent\lib\site-packages\httpx\_transports\default.py", line 101, in map_httpcore_exceptions
    yield
  File "C:\Users\G L  B\Desktop\VIVENT-FINAL-REPO\Vivent-Backend\Vivent\lib\site-packages\httpx\_transports\default.py", line 250, in handle_request
    resp = self._pool.handle_request(req)
  File "C:\Users\G L  B\Desktop\VIVENT-FINAL-REPO\Vivent-Backend\Vivent\lib\site-packages\httpcore\_sync\connection_pool.py", line 256, in handle_request
    raise exc from None
  File "C:\Users\G L  B\Desktop\VIVENT-FINAL-REPO\Vivent-Backend\Vivent\lib\site-packages\httpcore\_sync\connection_pool.py", line 236, in handle_request
    response = connection.handle_request(
  File "C:\Users\G L  B\Desktop\VIVENT-FINAL-REPO\Vivent-Backend\Vivent\lib\site-packages\httpcore\_sync\connection.py", line 103, in handle_request
    return self._connection.handle_request(request)
  File "C:\Users\G L  B\Desktop\VIVENT-FINAL-REPO\Vivent-Backend\Vivent\lib\site-packages\httpcore\_sync\http2.py", line 187, in handle_request
    raise exc
  File "C:\Users\G L  B\Desktop\VIVENT-FINAL-REPO\Vivent-Backend\Vivent\lib\site-packages\httpcore\_sync\http2.py", line 150, in handle_request
    status, headers = self._receive_response(
  File "C:\Users\G L  B\Desktop\VIVENT-FINAL-REPO\Vivent-Backend\Vivent\lib\site-packages\httpcore\_sync\http2.py", line 294, in _receive_response
    event = self._receive_stream_event(request, stream_id)
  File "C:\Users\G L  B\Desktop\VIVENT-FINAL-REPO\Vivent-Backend\Vivent\lib\site-packages\httpcore\_sync\http2.py", line 336, in _receive_stream_event
    self._receive_events(request, stream_id)
  File "C:\Users\G L  B\Desktop\VIVENT-FINAL-REPO\Vivent-Backend\Vivent\lib\site-packages\httpcore\_sync\http2.py", line 364, in _receive_events
    events = self._read_incoming_data(request)
  File "C:\Users\G L  B\Desktop\VIVENT-FINAL-REPO\Vivent-Backend\Vivent\lib\site-packages\httpcore\_sync\http2.py", line 438, in _read_incoming_data
    raise self._read_exception  # pragma: nocover
  File "C:\Users\G L  B\Desktop\VIVENT-FINAL-REPO\Vivent-Backend\Vivent\lib\site-packages\httpx\_transports\default.py", line 101, in map_httpcore_exceptions
    yield
  File "C:\Users\G L  B\Desktop\VIVENT-FINAL-REPO\Vivent-Backend\Vivent\lib\site-packages\httpx\_transports\default.py", line 250, in handle_request
    resp = self._pool.handle_request(req)
  File "C:\Users\G L  B\Desktop\VIVENT-FINAL-REPO\Vivent-Backend\Vivent\lib\site-packages\httpcore\_sync\connection_pool.py", line 256, in handle_request
    raise exc from None
  File "C:\Users\G L  B\Desktop\VIVENT-FINAL-REPO\Vivent-Backend\Vivent\lib\site-packages\httpcore\_sync\connection_pool.py", line 236, in handle_request
    response = connection.handle_request(
  File "C:\Users\G L  B\Desktop\VIVENT-FINAL-REPO\Vivent-Backend\Vivent\lib\site-packages\httpcore\_sync\connection.py", line 103, in handle_request
    return self._connection.handle_request(request)
  File "C:\Users\G L  B\Desktop\VIVENT-FINAL-REPO\Vivent-Backend\Vivent\lib\site-packages\httpcore\_sync\http2.py", line 187, in handle_request
    raise exc
  File "C:\Users\G L  B\Desktop\VIVENT-FINAL-REPO\Vivent-Backend\Vivent\lib\site-packages\httpcore\_sync\http2.py", line 150, in handle_request
    status, headers = self._receive_response(
  File "C:\Users\G L  B\Desktop\VIVENT-FINAL-REPO\Vivent-Backend\Vivent\lib\site-packages\httpcore\_sync\http2.py", line 294, in _receive_response
    event = self._receive_stream_event(request, stream_id)
  File "C:\Users\G L  B\Desktop\VIVENT-FINAL-REPO\Vivent-Backend\Vivent\lib\site-packages\httpcore\_sync\http2.py", line 336, in _receive_stream_event
    self._receive_events(request, stream_id)
  File "C:\Users\G L  B\Desktop\VIVENT-FINAL-REPO\Vivent-Backend\Vivent\lib\site-packages\httpcore\_sync\http2.py", line 364, in _receive_events
    events = self._read_incoming_data(request)
  File "C:\Users\G L  B\Desktop\VIVENT-FINAL-REPO\Vivent-Backend\Vivent\lib\site-packages\httpcore\_sync\http2.py", line 455, in _read_incoming_data
    raise exc
  File "C:\Users\G L  B\Desktop\VIVENT-FINAL-REPO\Vivent-Backend\Vivent\lib\site-packages\httpcore\_sync\http2.py", line 443, in _read_incoming_data
    raise RemoteProtocolError("Server disconnected")
httpcore.RemoteProtocolError: Server disconnected

The above exception was the direct cause of the following exception:

Traceback (most recent call last):
  File "C:\Users\G L  B\Desktop\VIVENT-FINAL-REPO\Vivent-Backend\Vivent\lib\site-packages\uvicorn\protocols\http\httptools_impl.py", line 421, in run_asgi
    result = await app(  # type: ignore[func-returns-value]
  File "C:\Users\G L  B\Desktop\VIVENT-FINAL-REPO\Vivent-Backend\Vivent\lib\site-packages\uvicorn\middleware\proxy_headers.py", line 56, in __call__
    return await self.app(scope, receive, send)
  File "C:\Users\G L  B\Desktop\VIVENT-FINAL-REPO\Vivent-Backend\Vivent\lib\site-packages\fastapi\applications.py", line 1159, in __call__
    await super().__call__(scope, receive, send)
  File "C:\Users\G L  B\Desktop\VIVENT-FINAL-REPO\Vivent-Backend\Vivent\lib\site-packages\starlette\applications.py", line 90, in __call__
    await self.middleware_stack(scope, receive, send)
  File "C:\Users\G L  B\Desktop\VIVENT-FINAL-REPO\Vivent-Backend\Vivent\lib\site-packages\starlette\middleware\errors.py", line 186, in __call__
    raise exc
  File "C:\Users\G L  B\Desktop\VIVENT-FINAL-REPO\Vivent-Backend\Vivent\lib\site-packages\starlette\middleware\errors.py", line 164, in __call__
    await self.app(scope, receive, _send)
  File "C:\Users\G L  B\Desktop\VIVENT-FINAL-REPO\Vivent-Backend\Vivent\lib\site-packages\starlette\middleware\cors.py", line 96, in __call__
    await self.simple_response(scope, receive, send, request_headers=headers)
  File "C:\Users\G L  B\Desktop\VIVENT-FINAL-REPO\Vivent-Backend\Vivent\lib\site-packages\starlette\middleware\cors.py", line 154, in simple_response
    await self.app(scope, receive, send)
  File "C:\Users\G L  B\Desktop\VIVENT-FINAL-REPO\Vivent-Backend\Vivent\lib\site-packages\starlette\middleware\exceptions.py", line 63, in __call__
    await wrap_app_handling_exceptions(self.app, conn)(scope, receive, send)
  File "C:\Users\G L  B\Desktop\VIVENT-FINAL-REPO\Vivent-Backend\Vivent\lib\site-packages\starlette\_exception_handler.py", line 53, in wrapped_app
    raise exc
  File "C:\Users\G L  B\Desktop\VIVENT-FINAL-REPO\Vivent-Backend\Vivent\lib\site-packages\starlette\_exception_handler.py", line 42, in wrapped_app
    await app(scope, receive, sender)
  File "C:\Users\G L  B\Desktop\VIVENT-FINAL-REPO\Vivent-Backend\Vivent\lib\site-packages\fastapi\middleware\asyncexitstack.py", line 18, in __call__
    await self.app(scope, receive, send)
  File "C:\Users\G L  B\Desktop\VIVENT-FINAL-REPO\Vivent-Backend\Vivent\lib\site-packages\starlette\routing.py", line 660, in __call__
    await self.middleware_stack(scope, receive, send)
  File "C:\Users\G L  B\Desktop\VIVENT-FINAL-REPO\Vivent-Backend\Vivent\lib\site-packages\starlette\routing.py", line 680, in app
    await route.handle(scope, receive, send)
  File "C:\Users\G L  B\Desktop\VIVENT-FINAL-REPO\Vivent-Backend\Vivent\lib\site-packages\starlette\routing.py", line 276, in handle
    await self.app(scope, receive, send)
  File "C:\Users\G L  B\Desktop\VIVENT-FINAL-REPO\Vivent-Backend\Vivent\lib\site-packages\fastapi\routing.py", line 134, in app
    await wrap_app_handling_exceptions(app, request)(scope, receive, send)
  File "C:\Users\G L  B\Desktop\VIVENT-FINAL-REPO\Vivent-Backend\Vivent\lib\site-packages\starlette\_exception_handler.py", line 53, in wrapped_app
    raise exc
  File "C:\Users\G L  B\Desktop\VIVENT-FINAL-REPO\Vivent-Backend\Vivent\lib\site-packages\starlette\_exception_handler.py", line 42, in wrapped_app
    await app(scope, receive, sender)
  File "C:\Users\G L  B\Desktop\VIVENT-FINAL-REPO\Vivent-Backend\Vivent\lib\site-packages\fastapi\routing.py", line 120, in app
    response = await f(request)
  File "C:\Users\G L  B\Desktop\VIVENT-FINAL-REPO\Vivent-Backend\Vivent\lib\site-packages\fastapi\routing.py", line 457, in app
    solved_result = await solve_dependencies(
  File "C:\Users\G L  B\Desktop\VIVENT-FINAL-REPO\Vivent-Backend\Vivent\lib\site-packages\fastapi\dependencies\utils.py", line 649, in solve_dependencies
    solved_result = await solve_dependencies(
  File "C:\Users\G L  B\Desktop\VIVENT-FINAL-REPO\Vivent-Backend\Vivent\lib\site-packages\fastapi\dependencies\utils.py", line 680, in solve_dependencies
    solved = await run_in_threadpool(call, **solved_result.values)
  File "C:\Users\G L  B\Desktop\VIVENT-FINAL-REPO\Vivent-Backend\Vivent\lib\site-packages\starlette\concurrency.py", line 32, in run_in_threadpool
    return await anyio.to_thread.run_sync(func)
  File "C:\Users\G L  B\Desktop\VIVENT-FINAL-REPO\Vivent-Backend\Vivent\lib\site-packages\anyio\to_thread.py", line 63, in run_sync
    return await get_async_backend().run_sync_in_worker_thread(
  File "C:\Users\G L  B\Desktop\VIVENT-FINAL-REPO\Vivent-Backend\Vivent\lib\site-packages\anyio\_backends\_asyncio.py", line 2518, in run_sync_in_worker_thread
    return await future
  File "C:\Users\G L  B\Desktop\VIVENT-FINAL-REPO\Vivent-Backend\Vivent\lib\site-packages\anyio\_backends\_asyncio.py", line 1002, in run
    result = context.run(func, *args)
  File "C:\Users\G L  B\Desktop\VIVENT-FINAL-REPO\Vivent-Backend\dependencies.py", line 71, in get_current_user
    user = _lookup_user_by_token_payload(payload)
  File "C:\Users\G L  B\Desktop\VIVENT-FINAL-REPO\Vivent-Backend\dependencies.py", line 27, in _lookup_user_by_token_payload
    response = supabase.table("users").select("*").eq("id", user_id).limit(1).execute()
  File "C:\Users\G L  B\Desktop\VIVENT-FINAL-REPO\Vivent-Backend\Vivent\lib\site-packages\postgrest\_sync\request_builder.py", line 78, in execute
    r = send_with_retry(self.request)
  File "C:\Users\G L  B\Desktop\VIVENT-FINAL-REPO\Vivent-Backend\Vivent\lib\site-packages\postgrest\_sync\request_builder.py", line 50, in send_with_retry
    resp = req.send(headers)
  File "C:\Users\G L  B\Desktop\VIVENT-FINAL-REPO\Vivent-Backend\Vivent\lib\site-packages\postgrest\base_request_builder.py", line 90, in send
    return self.session.request(
  File "C:\Users\G L  B\Desktop\VIVENT-FINAL-REPO\Vivent-Backend\Vivent\lib\site-packages\httpx\_client.py", line 825, in request
    return self.send(request, auth=auth, follow_redirects=follow_redirects)
  File "C:\Users\G L  B\Desktop\VIVENT-FINAL-REPO\Vivent-Backend\Vivent\lib\site-packages\httpx\_client.py", line 914, in send
    response = self._send_handling_auth(
  File "C:\Users\G L  B\Desktop\VIVENT-FINAL-REPO\Vivent-Backend\Vivent\lib\site-packages\httpx\_client.py", line 942, in _send_handling_auth
    response = self._send_handling_redirects(
  File "C:\Users\G L  B\Desktop\VIVENT-FINAL-REPO\Vivent-Backend\Vivent\lib\site-packages\httpx\_client.py", line 979, in _send_handling_redirects
    response = self._send_single_request(request)
  File "C:\Users\G L  B\Desktop\VIVENT-FINAL-REPO\Vivent-Backend\Vivent\lib\site-packages\httpx\_client.py", line 1014, in _send_single_request
    response = transport.handle_request(request)
  File "C:\Users\G L  B\Desktop\VIVENT-FINAL-REPO\Vivent-Backend\Vivent\lib\site-packages\httpx\_transports\default.py", line 249, in handle_request
    with map_httpcore_exceptions():
  File "C:\Users\G L  B\AppData\Local\Programs\Python\Python310\lib\contextlib.py", line 153, in __exit__
    self.gen.throw(typ, value, traceback)
  File "C:\Users\G L  B\Desktop\VIVENT-FINAL-REPO\Vivent-Backend\Vivent\lib\site-packages\httpx\_transports\default.py", line 118, in map_httpcore_exceptions
    raise mapped_exc(message) from exc
httpx.RemoteProtocolError: Server disconnected
Failed to compute and cache admin analytics: [Errno 11001] getaddrinfo failed
Traceback (most recent call last):
  File "C:\Users\G L  B\Desktop\VIVENT-FINAL-REPO\Vivent-Backend\Vivent\lib\site-packages\httpx\_transports\default.py", line 101, in map_httpcore_exceptions
    yield
  File "C:\Users\G L  B\Desktop\VIVENT-FINAL-REPO\Vivent-Backend\Vivent\lib\site-packages\httpx\_transports\default.py", line 250, in handle_request
    resp = self._pool.handle_request(req)
  File "C:\Users\G L  B\Desktop\VIVENT-FINAL-REPO\Vivent-Backend\Vivent\lib\site-packages\httpcore\_sync\connection_pool.py", line 256, in handle_request
    raise exc from None
  File "C:\Users\G L  B\Desktop\VIVENT-FINAL-REPO\Vivent-Backend\Vivent\lib\site-packages\httpcore\_sync\connection_pool.py", line 236, in handle_request
    response = connection.handle_request(
  File "C:\Users\G L  B\Desktop\VIVENT-FINAL-REPO\Vivent-Backend\Vivent\lib\site-packages\httpcore\_sync\connection.py", line 101, in handle_request
    raise exc
  File "C:\Users\G L  B\Desktop\VIVENT-FINAL-REPO\Vivent-Backend\Vivent\lib\site-packages\httpcore\_sync\connection.py", line 78, in handle_request
    stream = self._connect(request)
  File "C:\Users\G L  B\Desktop\VIVENT-FINAL-REPO\Vivent-Backend\Vivent\lib\site-packages\httpcore\_sync\connection.py", line 124, in _connect
    stream = self._network_backend.connect_tcp(**kwargs)
  File "C:\Users\G L  B\Desktop\VIVENT-FINAL-REPO\Vivent-Backend\Vivent\lib\site-packages\httpcore\_backends\sync.py", line 207, in connect_tcp
    with map_exceptions(exc_map):
  File "C:\Users\G L  B\AppData\Local\Programs\Python\Python310\lib\contextlib.py", line 153, in __exit__
    self.gen.throw(typ, value, traceback)
  File "C:\Users\G L  B\Desktop\VIVENT-FINAL-REPO\Vivent-Backend\Vivent\lib\site-packages\httpcore\_exceptions.py", line 14, in map_exceptions
    raise to_exc(exc) from exc
httpcore.ConnectError: [Errno 11001] getaddrinfo failed

The above exception was the direct cause of the following exception:

Traceback (most recent call last):
  File "C:\Users\G L  B\Desktop\VIVENT-FINAL-REPO\Vivent-Backend\utils\cache_worker.py", line 89, in compute_and_cache_admin_metrics
    metrics = compute_live_admin_metrics()
  File "C:\Users\G L  B\Desktop\VIVENT-FINAL-REPO\Vivent-Backend\utils\cache_worker.py", line 32, in compute_live_admin_metrics
    events = supabase.table("events").select("*").execute().data or []
  File "C:\Users\G L  B\Desktop\VIVENT-FINAL-REPO\Vivent-Backend\Vivent\lib\site-packages\postgrest\_sync\request_builder.py", line 78, in execute
    r = send_with_retry(self.request)
  File "C:\Users\G L  B\Desktop\VIVENT-FINAL-REPO\Vivent-Backend\Vivent\lib\site-packages\postgrest\_sync\request_builder.py", line 50, in send_with_retry
    resp = req.send(headers)
  File "C:\Users\G L  B\Desktop\VIVENT-FINAL-REPO\Vivent-Backend\Vivent\lib\site-packages\postgrest\base_request_builder.py", line 90, in send
    return self.session.request(
  File "C:\Users\G L  B\Desktop\VIVENT-FINAL-REPO\Vivent-Backend\Vivent\lib\site-packages\httpx\_client.py", line 825, in request
    return self.send(request, auth=auth, follow_redirects=follow_redirects)
  File "C:\Users\G L  B\Desktop\VIVENT-FINAL-REPO\Vivent-Backend\Vivent\lib\site-packages\httpx\_client.py", line 914, in send
    response = self._send_handling_auth(
  File "C:\Users\G L  B\Desktop\VIVENT-FINAL-REPO\Vivent-Backend\Vivent\lib\site-packages\httpx\_client.py", line 942, in _send_handling_auth
    response = self._send_handling_redirects(
  File "C:\Users\G L  B\Desktop\VIVENT-FINAL-REPO\Vivent-Backend\Vivent\lib\site-packages\httpx\_client.py", line 979, in _send_handling_redirects
    response = self._send_single_request(request)
  File "C:\Users\G L  B\Desktop\VIVENT-FINAL-REPO\Vivent-Backend\Vivent\lib\site-packages\httpx\_client.py", line 1014, in _send_single_request
    response = transport.handle_request(request)
  File "C:\Users\G L  B\Desktop\VIVENT-FINAL-REPO\Vivent-Backend\Vivent\lib\site-packages\httpx\_transports\default.py", line 249, in handle_request
    with map_httpcore_exceptions():
  File "C:\Users\G L  B\AppData\Local\Programs\Python\Python310\lib\contextlib.py", line 153, in __exit__
    self.gen.throw(typ, value, traceback)
  File "C:\Users\G L  B\Desktop\VIVENT-FINAL-REPO\Vivent-Backend\Vivent\lib\site-packages\httpx\_transports\default.py", line 118, in map_httpcore_exceptions
    raise mapped_exc(message) from exc
httpx.ConnectError: [Errno 11001] getaddrinfo failed
ERROR:    Exception in ASGI application
Traceback (most recent call last):
  File "C:\Users\G L  B\Desktop\VIVENT-FINAL-REPO\Vivent-Backend\Vivent\lib\site-packages\httpx\_transports\default.py", line 101, in map_httpcore_exceptions
    yield
  File "C:\Users\G L  B\Desktop\VIVENT-FINAL-REPO\Vivent-Backend\Vivent\lib\site-packages\httpx\_transports\default.py", line 250, in handle_request
    resp = self._pool.handle_request(req)
  File "C:\Users\G L  B\Desktop\VIVENT-FINAL-REPO\Vivent-Backend\Vivent\lib\site-packages\httpcore\_sync\connection_pool.py", line 256, in handle_request
    raise exc from None
  File "C:\Users\G L  B\Desktop\VIVENT-FINAL-REPO\Vivent-Backend\Vivent\lib\site-packages\httpcore\_sync\connection_pool.py", line 236, in handle_request
    response = connection.handle_request(
  File "C:\Users\G L  B\Desktop\VIVENT-FINAL-REPO\Vivent-Backend\Vivent\lib\site-packages\httpcore\_sync\connection.py", line 103, in handle_request
    return self._connection.handle_request(request)
  File "C:\Users\G L  B\Desktop\VIVENT-FINAL-REPO\Vivent-Backend\Vivent\lib\site-packages\httpcore\_sync\http2.py", line 187, in handle_request
    raise exc
  File "C:\Users\G L  B\Desktop\VIVENT-FINAL-REPO\Vivent-Backend\Vivent\lib\site-packages\httpcore\_sync\http2.py", line 150, in handle_request
    status, headers = self._receive_response(
  File "C:\Users\G L  B\Desktop\VIVENT-FINAL-REPO\Vivent-Backend\Vivent\lib\site-packages\httpcore\_sync\http2.py", line 294, in _receive_response
    event = self._receive_stream_event(request, stream_id)
  File "C:\Users\G L  B\Desktop\VIVENT-FINAL-REPO\Vivent-Backend\Vivent\lib\site-packages\httpcore\_sync\http2.py", line 336, in _receive_stream_event
    self._receive_events(request, stream_id)
  File "C:\Users\G L  B\Desktop\VIVENT-FINAL-REPO\Vivent-Backend\Vivent\lib\site-packages\httpcore\_sync\http2.py", line 364, in _receive_events
    events = self._read_incoming_data(request)
  File "C:\Users\G L  B\Desktop\VIVENT-FINAL-REPO\Vivent-Backend\Vivent\lib\site-packages\httpcore\_sync\http2.py", line 438, in _read_incoming_data
    raise self._read_exception  # pragma: nocover
  File "C:\Users\G L  B\Desktop\VIVENT-FINAL-REPO\Vivent-Backend\Vivent\lib\site-packages\httpx\_transports\default.py", line 101, in map_httpcore_exceptions
    yield
  File "C:\Users\G L  B\Desktop\VIVENT-FINAL-REPO\Vivent-Backend\Vivent\lib\site-packages\httpx\_transports\default.py", line 250, in handle_request
    resp = self._pool.handle_request(req)
  File "C:\Users\G L  B\Desktop\VIVENT-FINAL-REPO\Vivent-Backend\Vivent\lib\site-packages\httpcore\_sync\connection_pool.py", line 256, in handle_request
    raise exc from None
  File "C:\Users\G L  B\Desktop\VIVENT-FINAL-REPO\Vivent-Backend\Vivent\lib\site-packages\httpcore\_sync\connection_pool.py", line 236, in handle_request
    response = connection.handle_request(
  File "C:\Users\G L  B\Desktop\VIVENT-FINAL-REPO\Vivent-Backend\Vivent\lib\site-packages\httpcore\_sync\connection.py", line 103, in handle_request
    return self._connection.handle_request(request)
  File "C:\Users\G L  B\Desktop\VIVENT-FINAL-REPO\Vivent-Backend\Vivent\lib\site-packages\httpcore\_sync\http2.py", line 187, in handle_request
    raise exc
  File "C:\Users\G L  B\Desktop\VIVENT-FINAL-REPO\Vivent-Backend\Vivent\lib\site-packages\httpcore\_sync\http2.py", line 150, in handle_request
    status, headers = self._receive_response(
  File "C:\Users\G L  B\Desktop\VIVENT-FINAL-REPO\Vivent-Backend\Vivent\lib\site-packages\httpcore\_sync\http2.py", line 294, in _receive_response
    event = self._receive_stream_event(request, stream_id)
  File "C:\Users\G L  B\Desktop\VIVENT-FINAL-REPO\Vivent-Backend\Vivent\lib\site-packages\httpcore\_sync\http2.py", line 336, in _receive_stream_event
    self._receive_events(request, stream_id)
  File "C:\Users\G L  B\Desktop\VIVENT-FINAL-REPO\Vivent-Backend\Vivent\lib\site-packages\httpcore\_sync\http2.py", line 364, in _receive_events
    events = self._read_incoming_data(request)
  File "C:\Users\G L  B\Desktop\VIVENT-FINAL-REPO\Vivent-Backend\Vivent\lib\site-packages\httpcore\_sync\http2.py", line 455, in _read_incoming_data
    raise exc
  File "C:\Users\G L  B\Desktop\VIVENT-FINAL-REPO\Vivent-Backend\Vivent\lib\site-packages\httpcore\_sync\http2.py", line 443, in _read_incoming_data
    raise RemoteProtocolError("Server disconnected")
httpcore.RemoteProtocolError: Server disconnected

The above exception was the direct cause of the following exception:

Traceback (most recent call last):
  File "C:\Users\G L  B\Desktop\VIVENT-FINAL-REPO\Vivent-Backend\Vivent\lib\site-packages\uvicorn\protocols\http\httptools_impl.py", line 421, in run_asgi
    result = await app(  # type: ignore[func-returns-value]
  File "C:\Users\G L  B\Desktop\VIVENT-FINAL-REPO\Vivent-Backend\Vivent\lib\site-packages\uvicorn\middleware\proxy_headers.py", line 56, in __call__
    return await self.app(scope, receive, send)
  File "C:\Users\G L  B\Desktop\VIVENT-FINAL-REPO\Vivent-Backend\Vivent\lib\site-packages\fastapi\applications.py", line 1159, in __call__
    await super().__call__(scope, receive, send)
  File "C:\Users\G L  B\Desktop\VIVENT-FINAL-REPO\Vivent-Backend\Vivent\lib\site-packages\starlette\applications.py", line 90, in __call__
    await self.middleware_stack(scope, receive, send)
  File "C:\Users\G L  B\Desktop\VIVENT-FINAL-REPO\Vivent-Backend\Vivent\lib\site-packages\starlette\middleware\errors.py", line 186, in __call__
    raise exc
  File "C:\Users\G L  B\Desktop\VIVENT-FINAL-REPO\Vivent-Backend\Vivent\lib\site-packages\starlette\middleware\errors.py", line 164, in __call__
    await self.app(scope, receive, _send)
  File "C:\Users\G L  B\Desktop\VIVENT-FINAL-REPO\Vivent-Backend\Vivent\lib\site-packages\starlette\middleware\cors.py", line 96, in __call__
    await self.simple_response(scope, receive, send, request_headers=headers)
  File "C:\Users\G L  B\Desktop\VIVENT-FINAL-REPO\Vivent-Backend\Vivent\lib\site-packages\starlette\middleware\cors.py", line 154, in simple_response
    await self.app(scope, receive, send)
  File "C:\Users\G L  B\Desktop\VIVENT-FINAL-REPO\Vivent-Backend\Vivent\lib\site-packages\starlette\middleware\exceptions.py", line 63, in __call__
    await wrap_app_handling_exceptions(self.app, conn)(scope, receive, send)
  File "C:\Users\G L  B\Desktop\VIVENT-FINAL-REPO\Vivent-Backend\Vivent\lib\site-packages\starlette\_exception_handler.py", line 53, in wrapped_app
    raise exc
  File "C:\Users\G L  B\Desktop\VIVENT-FINAL-REPO\Vivent-Backend\Vivent\lib\site-packages\starlette\_exception_handler.py", line 42, in wrapped_app
    await app(scope, receive, sender)
  File "C:\Users\G L  B\Desktop\VIVENT-FINAL-REPO\Vivent-Backend\Vivent\lib\site-packages\fastapi\middleware\asyncexitstack.py", line 18, in __call__
    await self.app(scope, receive, send)
  File "C:\Users\G L  B\Desktop\VIVENT-FINAL-REPO\Vivent-Backend\Vivent\lib\site-packages\starlette\routing.py", line 660, in __call__
    await self.middleware_stack(scope, receive, send)
  File "C:\Users\G L  B\Desktop\VIVENT-FINAL-REPO\Vivent-Backend\Vivent\lib\site-packages\starlette\routing.py", line 680, in app
    await route.handle(scope, receive, send)
  File "C:\Users\G L  B\Desktop\VIVENT-FINAL-REPO\Vivent-Backend\Vivent\lib\site-packages\starlette\routing.py", line 276, in handle
    await self.app(scope, receive, send)
  File "C:\Users\G L  B\Desktop\VIVENT-FINAL-REPO\Vivent-Backend\Vivent\lib\site-packages\fastapi\routing.py", line 134, in app
    await wrap_app_handling_exceptions(app, request)(scope, receive, send)
  File "C:\Users\G L  B\Desktop\VIVENT-FINAL-REPO\Vivent-Backend\Vivent\lib\site-packages\starlette\_exception_handler.py", line 53, in wrapped_app
    raise exc
  File "C:\Users\G L  B\Desktop\VIVENT-FINAL-REPO\Vivent-Backend\Vivent\lib\site-packages\starlette\_exception_handler.py", line 42, in wrapped_app
    await app(scope, receive, sender)
  File "C:\Users\G L  B\Desktop\VIVENT-FINAL-REPO\Vivent-Backend\Vivent\lib\site-packages\fastapi\routing.py", line 120, in app
    response = await f(request)
  File "C:\Users\G L  B\Desktop\VIVENT-FINAL-REPO\Vivent-Backend\Vivent\lib\site-packages\fastapi\routing.py", line 457, in app
    solved_result = await solve_dependencies(
  File "C:\Users\G L  B\Desktop\VIVENT-FINAL-REPO\Vivent-Backend\Vivent\lib\site-packages\fastapi\dependencies\utils.py", line 680, in solve_dependencies
    solved = await run_in_threadpool(call, **solved_result.values)
  File "C:\Users\G L  B\Desktop\VIVENT-FINAL-REPO\Vivent-Backend\Vivent\lib\site-packages\starlette\concurrency.py", line 32, in run_in_threadpool
    return await anyio.to_thread.run_sync(func)
  File "C:\Users\G L  B\Desktop\VIVENT-FINAL-REPO\Vivent-Backend\Vivent\lib\site-packages\anyio\to_thread.py", line 63, in run_sync
    return await get_async_backend().run_sync_in_worker_thread(
  File "C:\Users\G L  B\Desktop\VIVENT-FINAL-REPO\Vivent-Backend\Vivent\lib\site-packages\anyio\_backends\_asyncio.py", line 2518, in run_sync_in_worker_thread
    return await future
  File "C:\Users\G L  B\Desktop\VIVENT-FINAL-REPO\Vivent-Backend\Vivent\lib\site-packages\anyio\_backends\_asyncio.py", line 1002, in run
    result = context.run(func, *args)
  File "C:\Users\G L  B\Desktop\VIVENT-FINAL-REPO\Vivent-Backend\dependencies.py", line 71, in get_current_user
    user = _lookup_user_by_token_payload(payload)
  File "C:\Users\G L  B\Desktop\VIVENT-FINAL-REPO\Vivent-Backend\dependencies.py", line 27, in _lookup_user_by_token_payload
    response = supabase.table("users").select("*").eq("id", user_id).limit(1).execute()
  File "C:\Users\G L  B\Desktop\VIVENT-FINAL-REPO\Vivent-Backend\Vivent\lib\site-packages\postgrest\_sync\request_builder.py", line 78, in execute
    r = send_with_retry(self.request)
  File "C:\Users\G L  B\Desktop\VIVENT-FINAL-REPO\Vivent-Backend\Vivent\lib\site-packages\postgrest\_sync\request_builder.py", line 50, in send_with_retry
    resp = req.send(headers)
  File "C:\Users\G L  B\Desktop\VIVENT-FINAL-REPO\Vivent-Backend\Vivent\lib\site-packages\postgrest\base_request_builder.py", line 90, in send
    return self.session.request(
  File "C:\Users\G L  B\Desktop\VIVENT-FINAL-REPO\Vivent-Backend\Vivent\lib\site-packages\httpx\_client.py", line 825, in request
    return self.send(request, auth=auth, follow_redirects=follow_redirects)
  File "C:\Users\G L  B\Desktop\VIVENT-FINAL-REPO\Vivent-Backend\Vivent\lib\site-packages\httpx\_client.py", line 914, in send
    response = self._send_handling_auth(
  File "C:\Users\G L  B\Desktop\VIVENT-FINAL-REPO\Vivent-Backend\Vivent\lib\site-packages\httpx\_client.py", line 942, in _send_handling_auth
    response = self._send_handling_redirects(
  File "C:\Users\G L  B\Desktop\VIVENT-FINAL-REPO\Vivent-Backend\Vivent\lib\site-packages\httpx\_client.py", line 979, in _send_handling_redirects
    response = self._send_single_request(request)
  File "C:\Users\G L  B\Desktop\VIVENT-FINAL-REPO\Vivent-Backend\Vivent\lib\site-packages\httpx\_client.py", line 1014, in _send_single_request
    response = transport.handle_request(request)
  File "C:\Users\G L  B\Desktop\VIVENT-FINAL-REPO\Vivent-Backend\Vivent\lib\site-packages\httpx\_transports\default.py", line 249, in handle_request
    with map_httpcore_exceptions():
  File "C:\Users\G L  B\AppData\Local\Programs\Python\Python310\lib\contextlib.py", line 153, in __exit__
    self.gen.throw(typ, value, traceback)
  File "C:\Users\G L  B\Desktop\VIVENT-FINAL-REPO\Vivent-Backend\Vivent\lib\site-packages\httpx\_transports\default.py", line 118, in map_httpcore_exceptions
    raise mapped_exc(message) from exc
httpx.RemoteProtocolError: Server disconnected
ERROR:    Exception in ASGI application
Traceback (most recent call last):
  File "C:\Users\G L  B\Desktop\VIVENT-FINAL-REPO\Vivent-Backend\Vivent\lib\site-packages\httpx\_transports\default.py", line 101, in map_httpcore_exceptions
    yield
  File "C:\Users\G L  B\Desktop\VIVENT-FINAL-REPO\Vivent-Backend\Vivent\lib\site-packages\httpx\_transports\default.py", line 250, in handle_request
    resp = self._pool.handle_request(req)
  File "C:\Users\G L  B\Desktop\VIVENT-FINAL-REPO\Vivent-Backend\Vivent\lib\site-packages\httpcore\_sync\connection_pool.py", line 256, in handle_request
    raise exc from None
  File "C:\Users\G L  B\Desktop\VIVENT-FINAL-REPO\Vivent-Backend\Vivent\lib\site-packages\httpcore\_sync\connection_pool.py", line 236, in handle_request
    response = connection.handle_request(
  File "C:\Users\G L  B\Desktop\VIVENT-FINAL-REPO\Vivent-Backend\Vivent\lib\site-packages\httpcore\_sync\connection.py", line 103, in handle_request
    return self._connection.handle_request(request)
  File "C:\Users\G L  B\Desktop\VIVENT-FINAL-REPO\Vivent-Backend\Vivent\lib\site-packages\httpcore\_sync\http2.py", line 187, in handle_request
    raise exc
  File "C:\Users\G L  B\Desktop\VIVENT-FINAL-REPO\Vivent-Backend\Vivent\lib\site-packages\httpcore\_sync\http2.py", line 150, in handle_request
    status, headers = self._receive_response(
  File "C:\Users\G L  B\Desktop\VIVENT-FINAL-REPO\Vivent-Backend\Vivent\lib\site-packages\httpcore\_sync\http2.py", line 294, in _receive_response
    event = self._receive_stream_event(request, stream_id)
  File "C:\Users\G L  B\Desktop\VIVENT-FINAL-REPO\Vivent-Backend\Vivent\lib\site-packages\httpcore\_sync\http2.py", line 336, in _receive_stream_event
    self._receive_events(request, stream_id)
  File "C:\Users\G L  B\Desktop\VIVENT-FINAL-REPO\Vivent-Backend\Vivent\lib\site-packages\httpcore\_sync\http2.py", line 364, in _receive_events
    events = self._read_incoming_data(request)
  File "C:\Users\G L  B\Desktop\VIVENT-FINAL-REPO\Vivent-Backend\Vivent\lib\site-packages\httpcore\_sync\http2.py", line 438, in _read_incoming_data
    raise self._read_exception  # pragma: nocover
  File "C:\Users\G L  B\Desktop\VIVENT-FINAL-REPO\Vivent-Backend\Vivent\lib\site-packages\httpx\_transports\default.py", line 101, in map_httpcore_exceptions
    yield
  File "C:\Users\G L  B\Desktop\VIVENT-FINAL-REPO\Vivent-Backend\Vivent\lib\site-packages\httpx\_transports\default.py", line 250, in handle_request
    resp = self._pool.handle_request(req)
  File "C:\Users\G L  B\Desktop\VIVENT-FINAL-REPO\Vivent-Backend\Vivent\lib\site-packages\httpcore\_sync\connection_pool.py", line 256, in handle_request
    raise exc from None
  File "C:\Users\G L  B\Desktop\VIVENT-FINAL-REPO\Vivent-Backend\Vivent\lib\site-packages\httpcore\_sync\connection_pool.py", line 236, in handle_request
    response = connection.handle_request(
  File "C:\Users\G L  B\Desktop\VIVENT-FINAL-REPO\Vivent-Backend\Vivent\lib\site-packages\httpcore\_sync\connection.py", line 103, in handle_request
    return self._connection.handle_request(request)
  File "C:\Users\G L  B\Desktop\VIVENT-FINAL-REPO\Vivent-Backend\Vivent\lib\site-packages\httpcore\_sync\http2.py", line 187, in handle_request
    raise exc
  File "C:\Users\G L  B\Desktop\VIVENT-FINAL-REPO\Vivent-Backend\Vivent\lib\site-packages\httpcore\_sync\http2.py", line 150, in handle_request
    status, headers = self._receive_response(
  File "C:\Users\G L  B\Desktop\VIVENT-FINAL-REPO\Vivent-Backend\Vivent\lib\site-packages\httpcore\_sync\http2.py", line 294, in _receive_response
    event = self._receive_stream_event(request, stream_id)
  File "C:\Users\G L  B\Desktop\VIVENT-FINAL-REPO\Vivent-Backend\Vivent\lib\site-packages\httpcore\_sync\http2.py", line 336, in _receive_stream_event
    self._receive_events(request, stream_id)
  File "C:\Users\G L  B\Desktop\VIVENT-FINAL-REPO\Vivent-Backend\Vivent\lib\site-packages\httpcore\_sync\http2.py", line 364, in _receive_events
    events = self._read_incoming_data(request)
  File "C:\Users\G L  B\Desktop\VIVENT-FINAL-REPO\Vivent-Backend\Vivent\lib\site-packages\httpcore\_sync\http2.py", line 455, in _read_incoming_data
    raise exc
  File "C:\Users\G L  B\Desktop\VIVENT-FINAL-REPO\Vivent-Backend\Vivent\lib\site-packages\httpcore\_sync\http2.py", line 443, in _read_incoming_data
    raise RemoteProtocolError("Server disconnected")
httpcore.RemoteProtocolError: Server disconnected

The above exception was the direct cause of the following exception:

Traceback (most recent call last):
  File "C:\Users\G L  B\Desktop\VIVENT-FINAL-REPO\Vivent-Backend\Vivent\lib\site-packages\uvicorn\protocols\http\httptools_impl.py", line 421, in run_asgi
    result = await app(  # type: ignore[func-returns-value]
  File "C:\Users\G L  B\Desktop\VIVENT-FINAL-REPO\Vivent-Backend\Vivent\lib\site-packages\uvicorn\middleware\proxy_headers.py", line 56, in __call__
    return await self.app(scope, receive, send)
  File "C:\Users\G L  B\Desktop\VIVENT-FINAL-REPO\Vivent-Backend\Vivent\lib\site-packages\fastapi\applications.py", line 1159, in __call__
    await super().__call__(scope, receive, send)
  File "C:\Users\G L  B\Desktop\VIVENT-FINAL-REPO\Vivent-Backend\Vivent\lib\site-packages\starlette\applications.py", line 90, in __call__
    await self.middleware_stack(scope, receive, send)
  File "C:\Users\G L  B\Desktop\VIVENT-FINAL-REPO\Vivent-Backend\Vivent\lib\site-packages\starlette\middleware\errors.py", line 186, in __call__
    raise exc
  File "C:\Users\G L  B\Desktop\VIVENT-FINAL-REPO\Vivent-Backend\Vivent\lib\site-packages\starlette\middleware\errors.py", line 164, in __call__
    await self.app(scope, receive, _send)
  File "C:\Users\G L  B\Desktop\VIVENT-FINAL-REPO\Vivent-Backend\Vivent\lib\site-packages\starlette\middleware\cors.py", line 96, in __call__
    await self.simple_response(scope, receive, send, request_headers=headers)
  File "C:\Users\G L  B\Desktop\VIVENT-FINAL-REPO\Vivent-Backend\Vivent\lib\site-packages\starlette\middleware\cors.py", line 154, in simple_response
    await self.app(scope, receive, send)
  File "C:\Users\G L  B\Desktop\VIVENT-FINAL-REPO\Vivent-Backend\Vivent\lib\site-packages\starlette\middleware\exceptions.py", line 63, in __call__
    await wrap_app_handling_exceptions(self.app, conn)(scope, receive, send)
  File "C:\Users\G L  B\Desktop\VIVENT-FINAL-REPO\Vivent-Backend\Vivent\lib\site-packages\starlette\_exception_handler.py", line 53, in wrapped_app
    raise exc
  File "C:\Users\G L  B\Desktop\VIVENT-FINAL-REPO\Vivent-Backend\Vivent\lib\site-packages\starlette\_exception_handler.py", line 42, in wrapped_app
    await app(scope, receive, sender)
  File "C:\Users\G L  B\Desktop\VIVENT-FINAL-REPO\Vivent-Backend\Vivent\lib\site-packages\fastapi\middleware\asyncexitstack.py", line 18, in __call__
    await self.app(scope, receive, send)
  File "C:\Users\G L  B\Desktop\VIVENT-FINAL-REPO\Vivent-Backend\Vivent\lib\site-packages\starlette\routing.py", line 660, in __call__
    await self.middleware_stack(scope, receive, send)
  File "C:\Users\G L  B\Desktop\VIVENT-FINAL-REPO\Vivent-Backend\Vivent\lib\site-packages\starlette\routing.py", line 680, in app
    await route.handle(scope, receive, send)
  File "C:\Users\G L  B\Desktop\VIVENT-FINAL-REPO\Vivent-Backend\Vivent\lib\site-packages\starlette\routing.py", line 276, in handle
    await self.app(scope, receive, send)
  File "C:\Users\G L  B\Desktop\VIVENT-FINAL-REPO\Vivent-Backend\Vivent\lib\site-packages\fastapi\routing.py", line 134, in app
    await wrap_app_handling_exceptions(app, request)(scope, receive, send)
  File "C:\Users\G L  B\Desktop\VIVENT-FINAL-REPO\Vivent-Backend\Vivent\lib\site-packages\starlette\_exception_handler.py", line 53, in wrapped_app
    raise exc
  File "C:\Users\G L  B\Desktop\VIVENT-FINAL-REPO\Vivent-Backend\Vivent\lib\site-packages\starlette\_exception_handler.py", line 42, in wrapped_app
    await app(scope, receive, sender)
  File "C:\Users\G L  B\Desktop\VIVENT-FINAL-REPO\Vivent-Backend\Vivent\lib\site-packages\fastapi\routing.py", line 120, in app
    response = await f(request)
  File "C:\Users\G L  B\Desktop\VIVENT-FINAL-REPO\Vivent-Backend\Vivent\lib\site-packages\fastapi\routing.py", line 457, in app
    solved_result = await solve_dependencies(
  File "C:\Users\G L  B\Desktop\VIVENT-FINAL-REPO\Vivent-Backend\Vivent\lib\site-packages\fastapi\dependencies\utils.py", line 680, in solve_dependencies
    solved = await run_in_threadpool(call, **solved_result.values)
  File "C:\Users\G L  B\Desktop\VIVENT-FINAL-REPO\Vivent-Backend\Vivent\lib\site-packages\starlette\concurrency.py", line 32, in run_in_threadpool
    return await anyio.to_thread.run_sync(func)
  File "C:\Users\G L  B\Desktop\VIVENT-FINAL-REPO\Vivent-Backend\Vivent\lib\site-packages\anyio\to_thread.py", line 63, in run_sync
    return await get_async_backend().run_sync_in_worker_thread(
  File "C:\Users\G L  B\Desktop\VIVENT-FINAL-REPO\Vivent-Backend\Vivent\lib\site-packages\anyio\_backends\_asyncio.py", line 2518, in run_sync_in_worker_thread
    return await future
  File "C:\Users\G L  B\Desktop\VIVENT-FINAL-REPO\Vivent-Backend\Vivent\lib\site-packages\anyio\_backends\_asyncio.py", line 1002, in run
    result = context.run(func, *args)
  File "C:\Users\G L  B\Desktop\VIVENT-FINAL-REPO\Vivent-Backend\dependencies.py", line 71, in get_current_user
    user = _lookup_user_by_token_payload(payload)
  File "C:\Users\G L  B\Desktop\VIVENT-FINAL-REPO\Vivent-Backend\dependencies.py", line 27, in _lookup_user_by_token_payload
    response = supabase.table("users").select("*").eq("id", user_id).limit(1).execute()
  File "C:\Users\G L  B\Desktop\VIVENT-FINAL-REPO\Vivent-Backend\Vivent\lib\site-packages\postgrest\_sync\request_builder.py", line 78, in execute
    r = send_with_retry(self.request)
  File "C:\Users\G L  B\Desktop\VIVENT-FINAL-REPO\Vivent-Backend\Vivent\lib\site-packages\postgrest\_sync\request_builder.py", line 50, in send_with_retry
    resp = req.send(headers)
  File "C:\Users\G L  B\Desktop\VIVENT-FINAL-REPO\Vivent-Backend\Vivent\lib\site-packages\postgrest\base_request_builder.py", line 90, in send
    return self.session.request(
  File "C:\Users\G L  B\Desktop\VIVENT-FINAL-REPO\Vivent-Backend\Vivent\lib\site-packages\httpx\_client.py", line 825, in request
    return self.send(request, auth=auth, follow_redirects=follow_redirects)
  File "C:\Users\G L  B\Desktop\VIVENT-FINAL-REPO\Vivent-Backend\Vivent\lib\site-packages\httpx\_client.py", line 914, in send
    response = self._send_handling_auth(
  File "C:\Users\G L  B\Desktop\VIVENT-FINAL-REPO\Vivent-Backend\Vivent\lib\site-packages\httpx\_client.py", line 942, in _send_handling_auth
    response = self._send_handling_redirects(
  File "C:\Users\G L  B\Desktop\VIVENT-FINAL-REPO\Vivent-Backend\Vivent\lib\site-packages\httpx\_client.py", line 979, in _send_handling_redirects
    response = self._send_single_request(request)
  File "C:\Users\G L  B\Desktop\VIVENT-FINAL-REPO\Vivent-Backend\Vivent\lib\site-packages\httpx\_client.py", line 1014, in _send_single_request
    response = transport.handle_request(request)
  File "C:\Users\G L  B\Desktop\VIVENT-FINAL-REPO\Vivent-Backend\Vivent\lib\site-packages\httpx\_transports\default.py", line 249, in handle_request
    with map_httpcore_exceptions():
  File "C:\Users\G L  B\AppData\Local\Programs\Python\Python310\lib\contextlib.py", line 153, in __exit__
    self.gen.throw(typ, value, traceback)
  File "C:\Users\G L  B\Desktop\VIVENT-FINAL-REPO\Vivent-Backend\Vivent\lib\site-packages\httpx\_transports\default.py", line 118, in map_httpcore_exceptions
    raise mapped_exc(message) from exc
httpx.RemoteProtocolError: Server disconnected
ERROR:    Exception in ASGI application
Traceback (most recent call last):
  File "C:\Users\G L  B\Desktop\VIVENT-FINAL-REPO\Vivent-Backend\Vivent\lib\site-packages\httpx\_transports\default.py", line 101, in map_httpcore_exceptions
    yield
  File "C:\Users\G L  B\Desktop\VIVENT-FINAL-REPO\Vivent-Backend\Vivent\lib\site-packages\httpx\_transports\default.py", line 250, in handle_request
    resp = self._pool.handle_request(req)
  File "C:\Users\G L  B\Desktop\VIVENT-FINAL-REPO\Vivent-Backend\Vivent\lib\site-packages\httpcore\_sync\connection_pool.py", line 256, in handle_request
    raise exc from None
  File "C:\Users\G L  B\Desktop\VIVENT-FINAL-REPO\Vivent-Backend\Vivent\lib\site-packages\httpcore\_sync\connection_pool.py", line 236, in handle_request
    response = connection.handle_request(
  File "C:\Users\G L  B\Desktop\VIVENT-FINAL-REPO\Vivent-Backend\Vivent\lib\site-packages\httpcore\_sync\connection.py", line 103, in handle_request
    return self._connection.handle_request(request)
  File "C:\Users\G L  B\Desktop\VIVENT-FINAL-REPO\Vivent-Backend\Vivent\lib\site-packages\httpcore\_sync\http2.py", line 187, in handle_request
    raise exc
  File "C:\Users\G L  B\Desktop\VIVENT-FINAL-REPO\Vivent-Backend\Vivent\lib\site-packages\httpcore\_sync\http2.py", line 150, in handle_request
    status, headers = self._receive_response(
  File "C:\Users\G L  B\Desktop\VIVENT-FINAL-REPO\Vivent-Backend\Vivent\lib\site-packages\httpcore\_sync\http2.py", line 294, in _receive_response
    event = self._receive_stream_event(request, stream_id)
  File "C:\Users\G L  B\Desktop\VIVENT-FINAL-REPO\Vivent-Backend\Vivent\lib\site-packages\httpcore\_sync\http2.py", line 336, in _receive_stream_event
    self._receive_events(request, stream_id)
  File "C:\Users\G L  B\Desktop\VIVENT-FINAL-REPO\Vivent-Backend\Vivent\lib\site-packages\httpcore\_sync\http2.py", line 355, in _receive_events
    raise RemoteProtocolError(self._connection_terminated)
httpcore.RemoteProtocolError: <ConnectionTerminated error_code:ErrorCodes.PROTOCOL_ERROR, last_stream_id:39, additional_data:None>

The above exception was the direct cause of the following exception:

Traceback (most recent call last):
  File "C:\Users\G L  B\Desktop\VIVENT-FINAL-REPO\Vivent-Backend\Vivent\lib\site-packages\uvicorn\protocols\http\httptools_impl.py", line 421, in run_asgi
    result = await app(  # type: ignore[func-returns-value]
  File "C:\Users\G L  B\Desktop\VIVENT-FINAL-REPO\Vivent-Backend\Vivent\lib\site-packages\uvicorn\middleware\proxy_headers.py", line 56, in __call__
    return await self.app(scope, receive, send)
  File "C:\Users\G L  B\Desktop\VIVENT-FINAL-REPO\Vivent-Backend\Vivent\lib\site-packages\fastapi\applications.py", line 1159, in __call__
    await super().__call__(scope, receive, send)
  File "C:\Users\G L  B\Desktop\VIVENT-FINAL-REPO\Vivent-Backend\Vivent\lib\site-packages\starlette\applications.py", line 90, in __call__
    await self.middleware_stack(scope, receive, send)
  File "C:\Users\G L  B\Desktop\VIVENT-FINAL-REPO\Vivent-Backend\Vivent\lib\site-packages\starlette\middleware\errors.py", line 186, in __call__
    raise exc
  File "C:\Users\G L  B\Desktop\VIVENT-FINAL-REPO\Vivent-Backend\Vivent\lib\site-packages\starlette\middleware\errors.py", line 164, in __call__
    await self.app(scope, receive, _send)
  File "C:\Users\G L  B\Desktop\VIVENT-FINAL-REPO\Vivent-Backend\Vivent\lib\site-packages\starlette\middleware\cors.py", line 96, in __call__
    await self.simple_response(scope, receive, send, request_headers=headers)
  File "C:\Users\G L  B\Desktop\VIVENT-FINAL-REPO\Vivent-Backend\Vivent\lib\site-packages\starlette\middleware\cors.py", line 154, in simple_response
    await self.app(scope, receive, send)
  File "C:\Users\G L  B\Desktop\VIVENT-FINAL-REPO\Vivent-Backend\Vivent\lib\site-packages\starlette\middleware\exceptions.py", line 63, in __call__
    await wrap_app_handling_exceptions(self.app, conn)(scope, receive, send)
  File "C:\Users\G L  B\Desktop\VIVENT-FINAL-REPO\Vivent-Backend\Vivent\lib\site-packages\starlette\_exception_handler.py", line 53, in wrapped_app
    raise exc
  File "C:\Users\G L  B\Desktop\VIVENT-FINAL-REPO\Vivent-Backend\Vivent\lib\site-packages\starlette\_exception_handler.py", line 42, in wrapped_app
    await app(scope, receive, sender)
  File "C:\Users\G L  B\Desktop\VIVENT-FINAL-REPO\Vivent-Backend\Vivent\lib\site-packages\fastapi\middleware\asyncexitstack.py", line 18, in __call__
    await self.app(scope, receive, send)
  File "C:\Users\G L  B\Desktop\VIVENT-FINAL-REPO\Vivent-Backend\Vivent\lib\site-packages\starlette\routing.py", line 660, in __call__
    await self.middleware_stack(scope, receive, send)
  File "C:\Users\G L  B\Desktop\VIVENT-FINAL-REPO\Vivent-Backend\Vivent\lib\site-packages\starlette\routing.py", line 680, in app
    await route.handle(scope, receive, send)
  File "C:\Users\G L  B\Desktop\VIVENT-FINAL-REPO\Vivent-Backend\Vivent\lib\site-packages\starlette\routing.py", line 276, in handle
    await self.app(scope, receive, send)
  File "C:\Users\G L  B\Desktop\VIVENT-FINAL-REPO\Vivent-Backend\Vivent\lib\site-packages\fastapi\routing.py", line 134, in app
    await wrap_app_handling_exceptions(app, request)(scope, receive, send)
  File "C:\Users\G L  B\Desktop\VIVENT-FINAL-REPO\Vivent-Backend\Vivent\lib\site-packages\starlette\_exception_handler.py", line 53, in wrapped_app
    raise exc
  File "C:\Users\G L  B\Desktop\VIVENT-FINAL-REPO\Vivent-Backend\Vivent\lib\site-packages\starlette\_exception_handler.py", line 42, in wrapped_app
    await app(scope, receive, sender)
  File "C:\Users\G L  B\Desktop\VIVENT-FINAL-REPO\Vivent-Backend\Vivent\lib\site-packages\fastapi\routing.py", line 120, in app
    response = await f(request)
  File "C:\Users\G L  B\Desktop\VIVENT-FINAL-REPO\Vivent-Backend\Vivent\lib\site-packages\fastapi\routing.py", line 457, in app
    solved_result = await solve_dependencies(
  File "C:\Users\G L  B\Desktop\VIVENT-FINAL-REPO\Vivent-Backend\Vivent\lib\site-packages\fastapi\dependencies\utils.py", line 680, in solve_dependencies
    solved = await run_in_threadpool(call, **solved_result.values)
  File "C:\Users\G L  B\Desktop\VIVENT-FINAL-REPO\Vivent-Backend\Vivent\lib\site-packages\starlette\concurrency.py", line 32, in run_in_threadpool
    return await anyio.to_thread.run_sync(func)
  File "C:\Users\G L  B\Desktop\VIVENT-FINAL-REPO\Vivent-Backend\Vivent\lib\site-packages\anyio\to_thread.py", line 63, in run_sync
    return await get_async_backend().run_sync_in_worker_thread(
  File "C:\Users\G L  B\Desktop\VIVENT-FINAL-REPO\Vivent-Backend\Vivent\lib\site-packages\anyio\_backends\_asyncio.py", line 2518, in run_sync_in_worker_thread
    return await future
  File "C:\Users\G L  B\Desktop\VIVENT-FINAL-REPO\Vivent-Backend\Vivent\lib\site-packages\anyio\_backends\_asyncio.py", line 1002, in run
    result = context.run(func, *args)
  File "C:\Users\G L  B\Desktop\VIVENT-FINAL-REPO\Vivent-Backend\dependencies.py", line 71, in get_current_user
    user = _lookup_user_by_token_payload(payload)
  File "C:\Users\G L  B\Desktop\VIVENT-FINAL-REPO\Vivent-Backend\dependencies.py", line 27, in _lookup_user_by_token_payload
    response = supabase.table("users").select("*").eq("id", user_id).limit(1).execute()
  File "C:\Users\G L  B\Desktop\VIVENT-FINAL-REPO\Vivent-Backend\Vivent\lib\site-packages\postgrest\_sync\request_builder.py", line 78, in execute
    r = send_with_retry(self.request)
  File "C:\Users\G L  B\Desktop\VIVENT-FINAL-REPO\Vivent-Backend\Vivent\lib\site-packages\postgrest\_sync\request_builder.py", line 50, in send_with_retry
    resp = req.send(headers)
  File "C:\Users\G L  B\Desktop\VIVENT-FINAL-REPO\Vivent-Backend\Vivent\lib\site-packages\postgrest\base_request_builder.py", line 90, in send
    return self.session.request(
  File "C:\Users\G L  B\Desktop\VIVENT-FINAL-REPO\Vivent-Backend\Vivent\lib\site-packages\httpx\_client.py", line 825, in request
    return self.send(request, auth=auth, follow_redirects=follow_redirects)
  File "C:\Users\G L  B\Desktop\VIVENT-FINAL-REPO\Vivent-Backend\Vivent\lib\site-packages\httpx\_client.py", line 914, in send
    response = self._send_handling_auth(
  File "C:\Users\G L  B\Desktop\VIVENT-FINAL-REPO\Vivent-Backend\Vivent\lib\site-packages\httpx\_client.py", line 942, in _send_handling_auth
    response = self._send_handling_redirects(
  File "C:\Users\G L  B\Desktop\VIVENT-FINAL-REPO\Vivent-Backend\Vivent\lib\site-packages\httpx\_client.py", line 979, in _send_handling_redirects
    response = self._send_single_request(request)
  File "C:\Users\G L  B\Desktop\VIVENT-FINAL-REPO\Vivent-Backend\Vivent\lib\site-packages\httpx\_client.py", line 1014, in _send_single_request
    response = transport.handle_request(request)
  File "C:\Users\G L  B\Desktop\VIVENT-FINAL-REPO\Vivent-Backend\Vivent\lib\site-packages\httpx\_transports\default.py", line 249, in handle_request
    with map_httpcore_exceptions():
  File "C:\Users\G L  B\AppData\Local\Programs\Python\Python310\lib\contextlib.py", line 153, in __exit__
    self.gen.throw(typ, value, traceback)
  File "C:\Users\G L  B\Desktop\VIVENT-FINAL-REPO\Vivent-Backend\Vivent\lib\site-packages\httpx\_transports\default.py", line 118, in map_httpcore_exceptions
    raise mapped_exc(message) from exc
httpx.RemoteProtocolError: <ConnectionTerminated error_code:ErrorCodes.PROTOCOL_ERROR, last_stream_id:39, additional_data:None>
ERROR:    Exception in ASGI application
Traceback (most recent call last):
  File "C:\Users\G L  B\Desktop\VIVENT-FINAL-REPO\Vivent-Backend\Vivent\lib\site-packages\httpx\_transports\default.py", line 101, in map_httpcore_exceptions
    yield
  File "C:\Users\G L  B\Desktop\VIVENT-FINAL-REPO\Vivent-Backend\Vivent\lib\site-packages\httpx\_transports\default.py", line 250, in handle_request
    resp = self._pool.handle_request(req)
  File "C:\Users\G L  B\Desktop\VIVENT-FINAL-REPO\Vivent-Backend\Vivent\lib\site-packages\httpcore\_sync\connection_pool.py", line 256, in handle_request
    raise exc from None
  File "C:\Users\G L  B\Desktop\VIVENT-FINAL-REPO\Vivent-Backend\Vivent\lib\site-packages\httpcore\_sync\connection_pool.py", line 236, in handle_request
    response = connection.handle_request(
  File "C:\Users\G L  B\Desktop\VIVENT-FINAL-REPO\Vivent-Backend\Vivent\lib\site-packages\httpcore\_sync\connection.py", line 103, in handle_request
    return self._connection.handle_request(request)
  File "C:\Users\G L  B\Desktop\VIVENT-FINAL-REPO\Vivent-Backend\Vivent\lib\site-packages\httpcore\_sync\http2.py", line 187, in handle_request
    raise exc
  File "C:\Users\G L  B\Desktop\VIVENT-FINAL-REPO\Vivent-Backend\Vivent\lib\site-packages\httpcore\_sync\http2.py", line 150, in handle_request
    status, headers = self._receive_response(
  File "C:\Users\G L  B\Desktop\VIVENT-FINAL-REPO\Vivent-Backend\Vivent\lib\site-packages\httpcore\_sync\http2.py", line 294, in _receive_response
    event = self._receive_stream_event(request, stream_id)
  File "C:\Users\G L  B\Desktop\VIVENT-FINAL-REPO\Vivent-Backend\Vivent\lib\site-packages\httpcore\_sync\http2.py", line 336, in _receive_stream_event
    self._receive_events(request, stream_id)
  File "C:\Users\G L  B\Desktop\VIVENT-FINAL-REPO\Vivent-Backend\Vivent\lib\site-packages\httpcore\_sync\http2.py", line 355, in _receive_events
    raise RemoteProtocolError(self._connection_terminated)
httpcore.RemoteProtocolError: <ConnectionTerminated error_code:ErrorCodes.PROTOCOL_ERROR, last_stream_id:39, additional_data:None>

The above exception was the direct cause of the following exception:

Traceback (most recent call last):
  File "C:\Users\G L  B\Desktop\VIVENT-FINAL-REPO\Vivent-Backend\Vivent\lib\site-packages\uvicorn\protocols\http\httptools_impl.py", line 421, in run_asgi
    result = await app(  # type: ignore[func-returns-value]
  File "C:\Users\G L  B\Desktop\VIVENT-FINAL-REPO\Vivent-Backend\Vivent\lib\site-packages\uvicorn\middleware\proxy_headers.py", line 56, in __call__
    return await self.app(scope, receive, send)
  File "C:\Users\G L  B\Desktop\VIVENT-FINAL-REPO\Vivent-Backend\Vivent\lib\site-packages\fastapi\applications.py", line 1159, in __call__
    await super().__call__(scope, receive, send)
  File "C:\Users\G L  B\Desktop\VIVENT-FINAL-REPO\Vivent-Backend\Vivent\lib\site-packages\starlette\applications.py", line 90, in __call__
    await self.middleware_stack(scope, receive, send)
  File "C:\Users\G L  B\Desktop\VIVENT-FINAL-REPO\Vivent-Backend\Vivent\lib\site-packages\starlette\middleware\errors.py", line 186, in __call__
    raise exc
  File "C:\Users\G L  B\Desktop\VIVENT-FINAL-REPO\Vivent-Backend\Vivent\lib\site-packages\starlette\middleware\errors.py", line 164, in __call__
    await self.app(scope, receive, _send)
  File "C:\Users\G L  B\Desktop\VIVENT-FINAL-REPO\Vivent-Backend\Vivent\lib\site-packages\starlette\middleware\cors.py", line 96, in __call__
    await self.simple_response(scope, receive, send, request_headers=headers)
  File "C:\Users\G L  B\Desktop\VIVENT-FINAL-REPO\Vivent-Backend\Vivent\lib\site-packages\starlette\middleware\cors.py", line 154, in simple_response
    await self.app(scope, receive, send)
  File "C:\Users\G L  B\Desktop\VIVENT-FINAL-REPO\Vivent-Backend\Vivent\lib\site-packages\starlette\middleware\exceptions.py", line 63, in __call__
    await wrap_app_handling_exceptions(self.app, conn)(scope, receive, send)
  File "C:\Users\G L  B\Desktop\VIVENT-FINAL-REPO\Vivent-Backend\Vivent\lib\site-packages\starlette\_exception_handler.py", line 53, in wrapped_app
    raise exc
  File "C:\Users\G L  B\Desktop\VIVENT-FINAL-REPO\Vivent-Backend\Vivent\lib\site-packages\starlette\_exception_handler.py", line 42, in wrapped_app
    await app(scope, receive, sender)
  File "C:\Users\G L  B\Desktop\VIVENT-FINAL-REPO\Vivent-Backend\Vivent\lib\site-packages\fastapi\middleware\asyncexitstack.py", line 18, in __call__
    await self.app(scope, receive, send)
  File "C:\Users\G L  B\Desktop\VIVENT-FINAL-REPO\Vivent-Backend\Vivent\lib\site-packages\starlette\routing.py", line 660, in __call__
    await self.middleware_stack(scope, receive, send)
  File "C:\Users\G L  B\Desktop\VIVENT-FINAL-REPO\Vivent-Backend\Vivent\lib\site-packages\starlette\routing.py", line 680, in app
    await route.handle(scope, receive, send)
  File "C:\Users\G L  B\Desktop\VIVENT-FINAL-REPO\Vivent-Backend\Vivent\lib\site-packages\starlette\routing.py", line 276, in handle
    await self.app(scope, receive, send)
  File "C:\Users\G L  B\Desktop\VIVENT-FINAL-REPO\Vivent-Backend\Vivent\lib\site-packages\fastapi\routing.py", line 134, in app
    await wrap_app_handling_exceptions(app, request)(scope, receive, send)
  File "C:\Users\G L  B\Desktop\VIVENT-FINAL-REPO\Vivent-Backend\Vivent\lib\site-packages\starlette\_exception_handler.py", line 53, in wrapped_app
    raise exc
  File "C:\Users\G L  B\Desktop\VIVENT-FINAL-REPO\Vivent-Backend\Vivent\lib\site-packages\starlette\_exception_handler.py", line 42, in wrapped_app
    await app(scope, receive, sender)
  File "C:\Users\G L  B\Desktop\VIVENT-FINAL-REPO\Vivent-Backend\Vivent\lib\site-packages\fastapi\routing.py", line 120, in app
    response = await f(request)
  File "C:\Users\G L  B\Desktop\VIVENT-FINAL-REPO\Vivent-Backend\Vivent\lib\site-packages\fastapi\routing.py", line 457, in app
    solved_result = await solve_dependencies(
  File "C:\Users\G L  B\Desktop\VIVENT-FINAL-REPO\Vivent-Backend\Vivent\lib\site-packages\fastapi\dependencies\utils.py", line 680, in solve_dependencies
    solved = await run_in_threadpool(call, **solved_result.values)
  File "C:\Users\G L  B\Desktop\VIVENT-FINAL-REPO\Vivent-Backend\Vivent\lib\site-packages\starlette\concurrency.py", line 32, in run_in_threadpool
    return await anyio.to_thread.run_sync(func)
  File "C:\Users\G L  B\Desktop\VIVENT-FINAL-REPO\Vivent-Backend\Vivent\lib\site-packages\anyio\to_thread.py", line 63, in run_sync
    return await get_async_backend().run_sync_in_worker_thread(
  File "C:\Users\G L  B\Desktop\VIVENT-FINAL-REPO\Vivent-Backend\Vivent\lib\site-packages\anyio\_backends\_asyncio.py", line 2518, in run_sync_in_worker_thread
    return await future
  File "C:\Users\G L  B\Desktop\VIVENT-FINAL-REPO\Vivent-Backend\Vivent\lib\site-packages\anyio\_backends\_asyncio.py", line 1002, in run
    result = context.run(func, *args)
  File "C:\Users\G L  B\Desktop\VIVENT-FINAL-REPO\Vivent-Backend\dependencies.py", line 71, in get_current_user
    user = _lookup_user_by_token_payload(payload)
  File "C:\Users\G L  B\Desktop\VIVENT-FINAL-REPO\Vivent-Backend\dependencies.py", line 27, in _lookup_user_by_token_payload
    response = supabase.table("users").select("*").eq("id", user_id).limit(1).execute()
  File "C:\Users\G L  B\Desktop\VIVENT-FINAL-REPO\Vivent-Backend\Vivent\lib\site-packages\postgrest\_sync\request_builder.py", line 78, in execute
    r = send_with_retry(self.request)
  File "C:\Users\G L  B\Desktop\VIVENT-FINAL-REPO\Vivent-Backend\Vivent\lib\site-packages\postgrest\_sync\request_builder.py", line 50, in send_with_retry
    resp = req.send(headers)
  File "C:\Users\G L  B\Desktop\VIVENT-FINAL-REPO\Vivent-Backend\Vivent\lib\site-packages\postgrest\base_request_builder.py", line 90, in send
    return self.session.request(
  File "C:\Users\G L  B\Desktop\VIVENT-FINAL-REPO\Vivent-Backend\Vivent\lib\site-packages\httpx\_client.py", line 825, in request
    return self.send(request, auth=auth, follow_redirects=follow_redirects)
  File "C:\Users\G L  B\Desktop\VIVENT-FINAL-REPO\Vivent-Backend\Vivent\lib\site-packages\httpx\_client.py", line 914, in send
    response = self._send_handling_auth(
  File "C:\Users\G L  B\Desktop\VIVENT-FINAL-REPO\Vivent-Backend\Vivent\lib\site-packages\httpx\_client.py", line 942, in _send_handling_auth
    response = self._send_handling_redirects(
  File "C:\Users\G L  B\Desktop\VIVENT-FINAL-REPO\Vivent-Backend\Vivent\lib\site-packages\httpx\_client.py", line 979, in _send_handling_redirects
    response = self._send_single_request(request)
  File "C:\Users\G L  B\Desktop\VIVENT-FINAL-REPO\Vivent-Backend\Vivent\lib\site-packages\httpx\_client.py", line 1014, in _send_single_request
    response = transport.handle_request(request)
  File "C:\Users\G L  B\Desktop\VIVENT-FINAL-REPO\Vivent-Backend\Vivent\lib\site-packages\httpx\_transports\default.py", line 249, in handle_request
    with map_httpcore_exceptions():
  File "C:\Users\G L  B\AppData\Local\Programs\Python\Python310\lib\contextlib.py", line 153, in __exit__
    self.gen.throw(typ, value, traceback)
  File "C:\Users\G L  B\Desktop\VIVENT-FINAL-REPO\Vivent-Backend\Vivent\lib\site-packages\httpx\_transports\default.py", line 118, in map_httpcore_exceptions
    raise mapped_exc(message) from exc
httpx.RemoteProtocolError: <ConnectionTerminated error_code:ErrorCodes.PROTOCOL_ERROR, last_stream_id:39, additional_data:None>
ERROR:    Exception in ASGI application
Traceback (most recent call last):
  File "C:\Users\G L  B\Desktop\VIVENT-FINAL-REPO\Vivent-Backend\Vivent\lib\site-packages\httpx\_transports\default.py", line 101, in map_httpcore_exceptions
    yield
  File "C:\Users\G L  B\Desktop\VIVENT-FINAL-REPO\Vivent-Backend\Vivent\lib\site-packages\httpx\_transports\default.py", line 250, in handle_request
    resp = self._pool.handle_request(req)
  File "C:\Users\G L  B\Desktop\VIVENT-FINAL-REPO\Vivent-Backend\Vivent\lib\site-packages\httpcore\_sync\connection_pool.py", line 256, in handle_request
    raise exc from None
  File "C:\Users\G L  B\Desktop\VIVENT-FINAL-REPO\Vivent-Backend\Vivent\lib\site-packages\httpcore\_sync\connection_pool.py", line 236, in handle_request
    response = connection.handle_request(
  File "C:\Users\G L  B\Desktop\VIVENT-FINAL-REPO\Vivent-Backend\Vivent\lib\site-packages\httpcore\_sync\connection.py", line 103, in handle_request
    return self._connection.handle_request(request)
  File "C:\Users\G L  B\Desktop\VIVENT-FINAL-REPO\Vivent-Backend\Vivent\lib\site-packages\httpcore\_sync\http2.py", line 185, in handle_request
    raise LocalProtocolError(exc)  # pragma: nocover
httpcore.LocalProtocolError: Invalid input StreamInputs.SEND_HEADERS in state 5

The above exception was the direct cause of the following exception:

Traceback (most recent call last):
  File "C:\Users\G L  B\Desktop\VIVENT-FINAL-REPO\Vivent-Backend\Vivent\lib\site-packages\uvicorn\protocols\http\httptools_impl.py", line 421, in run_asgi
    result = await app(  # type: ignore[func-returns-value]
  File "C:\Users\G L  B\Desktop\VIVENT-FINAL-REPO\Vivent-Backend\Vivent\lib\site-packages\uvicorn\middleware\proxy_headers.py", line 56, in __call__
    return await self.app(scope, receive, send)
  File "C:\Users\G L  B\Desktop\VIVENT-FINAL-REPO\Vivent-Backend\Vivent\lib\site-packages\fastapi\applications.py", line 1159, in __call__
    await super().__call__(scope, receive, send)
  File "C:\Users\G L  B\Desktop\VIVENT-FINAL-REPO\Vivent-Backend\Vivent\lib\site-packages\starlette\applications.py", line 90, in __call__
    await self.middleware_stack(scope, receive, send)
  File "C:\Users\G L  B\Desktop\VIVENT-FINAL-REPO\Vivent-Backend\Vivent\lib\site-packages\starlette\middleware\errors.py", line 186, in __call__
    raise exc
  File "C:\Users\G L  B\Desktop\VIVENT-FINAL-REPO\Vivent-Backend\Vivent\lib\site-packages\starlette\middleware\errors.py", line 164, in __call__
    await self.app(scope, receive, _send)
  File "C:\Users\G L  B\Desktop\VIVENT-FINAL-REPO\Vivent-Backend\Vivent\lib\site-packages\starlette\middleware\cors.py", line 96, in __call__
    await self.simple_response(scope, receive, send, request_headers=headers)
  File "C:\Users\G L  B\Desktop\VIVENT-FINAL-REPO\Vivent-Backend\Vivent\lib\site-packages\starlette\middleware\cors.py", line 154, in simple_response
    await self.app(scope, receive, send)
  File "C:\Users\G L  B\Desktop\VIVENT-FINAL-REPO\Vivent-Backend\Vivent\lib\site-packages\starlette\middleware\exceptions.py", line 63, in __call__
    await wrap_app_handling_exceptions(self.app, conn)(scope, receive, send)
  File "C:\Users\G L  B\Desktop\VIVENT-FINAL-REPO\Vivent-Backend\Vivent\lib\site-packages\starlette\_exception_handler.py", line 53, in wrapped_app
    raise exc
  File "C:\Users\G L  B\Desktop\VIVENT-FINAL-REPO\Vivent-Backend\Vivent\lib\site-packages\starlette\_exception_handler.py", line 42, in wrapped_app
    await app(scope, receive, sender)
  File "C:\Users\G L  B\Desktop\VIVENT-FINAL-REPO\Vivent-Backend\Vivent\lib\site-packages\fastapi\middleware\asyncexitstack.py", line 18, in __call__
    await self.app(scope, receive, send)
  File "C:\Users\G L  B\Desktop\VIVENT-FINAL-REPO\Vivent-Backend\Vivent\lib\site-packages\starlette\routing.py", line 660, in __call__
    await self.middleware_stack(scope, receive, send)
  File "C:\Users\G L  B\Desktop\VIVENT-FINAL-REPO\Vivent-Backend\Vivent\lib\site-packages\starlette\routing.py", line 680, in app
    await route.handle(scope, receive, send)
  File "C:\Users\G L  B\Desktop\VIVENT-FINAL-REPO\Vivent-Backend\Vivent\lib\site-packages\starlette\routing.py", line 276, in handle
    await self.app(scope, receive, send)
  File "C:\Users\G L  B\Desktop\VIVENT-FINAL-REPO\Vivent-Backend\Vivent\lib\site-packages\fastapi\routing.py", line 134, in app
    await wrap_app_handling_exceptions(app, request)(scope, receive, send)
  File "C:\Users\G L  B\Desktop\VIVENT-FINAL-REPO\Vivent-Backend\Vivent\lib\site-packages\starlette\_exception_handler.py", line 53, in wrapped_app
    raise exc
  File "C:\Users\G L  B\Desktop\VIVENT-FINAL-REPO\Vivent-Backend\Vivent\lib\site-packages\starlette\_exception_handler.py", line 42, in wrapped_app
    await app(scope, receive, sender)
  File "C:\Users\G L  B\Desktop\VIVENT-FINAL-REPO\Vivent-Backend\Vivent\lib\site-packages\fastapi\routing.py", line 120, in app
    response = await f(request)
  File "C:\Users\G L  B\Desktop\VIVENT-FINAL-REPO\Vivent-Backend\Vivent\lib\site-packages\fastapi\routing.py", line 674, in app
    raw_response = await run_endpoint_function(
  File "C:\Users\G L  B\Desktop\VIVENT-FINAL-REPO\Vivent-Backend\Vivent\lib\site-packages\fastapi\routing.py", line 330, in run_endpoint_function
    return await run_in_threadpool(dependant.call, **values)
  File "C:\Users\G L  B\Desktop\VIVENT-FINAL-REPO\Vivent-Backend\Vivent\lib\site-packages\starlette\concurrency.py", line 32, in run_in_threadpool
    return await anyio.to_thread.run_sync(func)
  File "C:\Users\G L  B\Desktop\VIVENT-FINAL-REPO\Vivent-Backend\Vivent\lib\site-packages\anyio\to_thread.py", line 63, in run_sync
    return await get_async_backend().run_sync_in_worker_thread(
  File "C:\Users\G L  B\Desktop\VIVENT-FINAL-REPO\Vivent-Backend\Vivent\lib\site-packages\anyio\_backends\_asyncio.py", line 2518, in run_sync_in_worker_thread
    return await future
  File "C:\Users\G L  B\Desktop\VIVENT-FINAL-REPO\Vivent-Backend\Vivent\lib\site-packages\anyio\_backends\_asyncio.py", line 1002, in run
    result = context.run(func, *args)
  File "C:\Users\G L  B\Desktop\VIVENT-FINAL-REPO\Vivent-Backend\routers\campaigns.py", line 91, in campaign_detail
    campaign = _campaign_for_user(campaign_id, current_user)
  File "C:\Users\G L  B\Desktop\VIVENT-FINAL-REPO\Vivent-Backend\routers\campaigns.py", line 24, in _campaign_for_user
    campaign = get_row_or_404("campaigns", campaign_id)
  File "C:\Users\G L  B\Desktop\VIVENT-FINAL-REPO\Vivent-Backend\utils\helpers.py", line 58, in get_row_or_404
    response = supabase.table(table).select("*").eq("id", row_id).limit(1).execute()
  File "C:\Users\G L  B\Desktop\VIVENT-FINAL-REPO\Vivent-Backend\Vivent\lib\site-packages\postgrest\_sync\request_builder.py", line 78, in execute
    r = send_with_retry(self.request)
  File "C:\Users\G L  B\Desktop\VIVENT-FINAL-REPO\Vivent-Backend\Vivent\lib\site-packages\postgrest\_sync\request_builder.py", line 50, in send_with_retry
    resp = req.send(headers)
  File "C:\Users\G L  B\Desktop\VIVENT-FINAL-REPO\Vivent-Backend\Vivent\lib\site-packages\postgrest\base_request_builder.py", line 90, in send
    return self.session.request(
  File "C:\Users\G L  B\Desktop\VIVENT-FINAL-REPO\Vivent-Backend\Vivent\lib\site-packages\httpx\_client.py", line 825, in request
    return self.send(request, auth=auth, follow_redirects=follow_redirects)
  File "C:\Users\G L  B\Desktop\VIVENT-FINAL-REPO\Vivent-Backend\Vivent\lib\site-packages\httpx\_client.py", line 914, in send
    response = self._send_handling_auth(
  File "C:\Users\G L  B\Desktop\VIVENT-FINAL-REPO\Vivent-Backend\Vivent\lib\site-packages\httpx\_client.py", line 942, in _send_handling_auth
    response = self._send_handling_redirects(
  File "C:\Users\G L  B\Desktop\VIVENT-FINAL-REPO\Vivent-Backend\Vivent\lib\site-packages\httpx\_client.py", line 979, in _send_handling_redirects
    response = self._send_single_request(request)
  File "C:\Users\G L  B\Desktop\VIVENT-FINAL-REPO\Vivent-Backend\Vivent\lib\site-packages\httpx\_client.py", line 1014, in _send_single_request
    response = transport.handle_request(request)
  File "C:\Users\G L  B\Desktop\VIVENT-FINAL-REPO\Vivent-Backend\Vivent\lib\site-packages\httpx\_transports\default.py", line 249, in handle_request
    with map_httpcore_exceptions():
  File "C:\Users\G L  B\AppData\Local\Programs\Python\Python310\lib\contextlib.py", line 153, in __exit__
    self.gen.throw(typ, value, traceback)
  File "C:\Users\G L  B\Desktop\VIVENT-FINAL-REPO\Vivent-Backend\Vivent\lib\site-packages\httpx\_transports\default.py", line 118, in map_httpcore_exceptions
    raise mapped_exc(message) from exc
httpx.LocalProtocolError: Invalid input StreamInputs.SEND_HEADERS in state 5
ERROR:    Exception in ASGI application
Traceback (most recent call last):
  File "C:\Users\G L  B\Desktop\VIVENT-FINAL-REPO\Vivent-Backend\Vivent\lib\site-packages\uvicorn\protocols\http\httptools_impl.py", line 421, in run_asgi
    result = await app(  # type: ignore[func-returns-value]
  File "C:\Users\G L  B\Desktop\VIVENT-FINAL-REPO\Vivent-Backend\Vivent\lib\site-packages\uvicorn\middleware\proxy_headers.py", line 56, in __call__
    return await self.app(scope, receive, send)
  File "C:\Users\G L  B\Desktop\VIVENT-FINAL-REPO\Vivent-Backend\Vivent\lib\site-packages\fastapi\applications.py", line 1159, in __call__
    await super().__call__(scope, receive, send)
  File "C:\Users\G L  B\Desktop\VIVENT-FINAL-REPO\Vivent-Backend\Vivent\lib\site-packages\starlette\applications.py", line 90, in __call__
    await self.middleware_stack(scope, receive, send)
  File "C:\Users\G L  B\Desktop\VIVENT-FINAL-REPO\Vivent-Backend\Vivent\lib\site-packages\starlette\middleware\errors.py", line 186, in __call__
    raise exc
  File "C:\Users\G L  B\Desktop\VIVENT-FINAL-REPO\Vivent-Backend\Vivent\lib\site-packages\starlette\middleware\errors.py", line 164, in __call__
    await self.app(scope, receive, _send)
  File "C:\Users\G L  B\Desktop\VIVENT-FINAL-REPO\Vivent-Backend\Vivent\lib\site-packages\starlette\middleware\cors.py", line 96, in __call__
    await self.simple_response(scope, receive, send, request_headers=headers)
  File "C:\Users\G L  B\Desktop\VIVENT-FINAL-REPO\Vivent-Backend\Vivent\lib\site-packages\starlette\middleware\cors.py", line 154, in simple_response
    await self.app(scope, receive, send)
  File "C:\Users\G L  B\Desktop\VIVENT-FINAL-REPO\Vivent-Backend\Vivent\lib\site-packages\starlette\middleware\exceptions.py", line 63, in __call__
    await wrap_app_handling_exceptions(self.app, conn)(scope, receive, send)
  File "C:\Users\G L  B\Desktop\VIVENT-FINAL-REPO\Vivent-Backend\Vivent\lib\site-packages\starlette\_exception_handler.py", line 53, in wrapped_app
    raise exc
  File "C:\Users\G L  B\Desktop\VIVENT-FINAL-REPO\Vivent-Backend\Vivent\lib\site-packages\starlette\_exception_handler.py", line 42, in wrapped_app
    await app(scope, receive, sender)
  File "C:\Users\G L  B\Desktop\VIVENT-FINAL-REPO\Vivent-Backend\Vivent\lib\site-packages\fastapi\middleware\asyncexitstack.py", line 18, in __call__
    await self.app(scope, receive, send)
  File "C:\Users\G L  B\Desktop\VIVENT-FINAL-REPO\Vivent-Backend\Vivent\lib\site-packages\starlette\routing.py", line 660, in __call__
    await self.middleware_stack(scope, receive, send)
  File "C:\Users\G L  B\Desktop\VIVENT-FINAL-REPO\Vivent-Backend\Vivent\lib\site-packages\starlette\routing.py", line 680, in app
    await route.handle(scope, receive, send)
  File "C:\Users\G L  B\Desktop\VIVENT-FINAL-REPO\Vivent-Backend\Vivent\lib\site-packages\starlette\routing.py", line 276, in handle
    await self.app(scope, receive, send)
  File "C:\Users\G L  B\Desktop\VIVENT-FINAL-REPO\Vivent-Backend\Vivent\lib\site-packages\fastapi\routing.py", line 134, in app
    await wrap_app_handling_exceptions(app, request)(scope, receive, send)
  File "C:\Users\G L  B\Desktop\VIVENT-FINAL-REPO\Vivent-Backend\Vivent\lib\site-packages\starlette\_exception_handler.py", line 53, in wrapped_app
    raise exc
  File "C:\Users\G L  B\Desktop\VIVENT-FINAL-REPO\Vivent-Backend\Vivent\lib\site-packages\starlette\_exception_handler.py", line 42, in wrapped_app
    await app(scope, receive, sender)
  File "C:\Users\G L  B\Desktop\VIVENT-FINAL-REPO\Vivent-Backend\Vivent\lib\site-packages\fastapi\routing.py", line 120, in app
    response = await f(request)
  File "C:\Users\G L  B\Desktop\VIVENT-FINAL-REPO\Vivent-Backend\Vivent\lib\site-packages\fastapi\routing.py", line 674, in app
    raw_response = await run_endpoint_function(
  File "C:\Users\G L  B\Desktop\VIVENT-FINAL-REPO\Vivent-Backend\Vivent\lib\site-packages\fastapi\routing.py", line 330, in run_endpoint_function
    return await run_in_threadpool(dependant.call, **values)
  File "C:\Users\G L  B\Desktop\VIVENT-FINAL-REPO\Vivent-Backend\Vivent\lib\site-packages\starlette\concurrency.py", line 32, in run_in_threadpool
    return await anyio.to_thread.run_sync(func)
  File "C:\Users\G L  B\Desktop\VIVENT-FINAL-REPO\Vivent-Backend\Vivent\lib\site-packages\anyio\to_thread.py", line 63, in run_sync
    return await get_async_backend().run_sync_in_worker_thread(
  File "C:\Users\G L  B\Desktop\VIVENT-FINAL-REPO\Vivent-Backend\Vivent\lib\site-packages\anyio\_backends\_asyncio.py", line 2518, in run_sync_in_worker_thread
    return await future
  File "C:\Users\G L  B\Desktop\VIVENT-FINAL-REPO\Vivent-Backend\Vivent\lib\site-packages\anyio\_backends\_asyncio.py", line 1002, in run
    result = context.run(func, *args)
  File "C:\Users\G L  B\Desktop\VIVENT-FINAL-REPO\Vivent-Backend\routers\campaigns.py", line 86, in list_campaigns
    return supabase.table("campaigns").select("*, plans(name), campaign_platforms(*)").order("created_at", desc=True).execute().data or []
  File "C:\Users\G L  B\Desktop\VIVENT-FINAL-REPO\Vivent-Backend\Vivent\lib\site-packages\postgrest\_sync\request_builder.py", line 78, in execute
    r = send_with_retry(self.request)
  File "C:\Users\G L  B\Desktop\VIVENT-FINAL-REPO\Vivent-Backend\Vivent\lib\site-packages\postgrest\_sync\request_builder.py", line 50, in send_with_retry
    resp = req.send(headers)
  File "C:\Users\G L  B\Desktop\VIVENT-FINAL-REPO\Vivent-Backend\Vivent\lib\site-packages\postgrest\base_request_builder.py", line 90, in send
    return self.session.request(
  File "C:\Users\G L  B\Desktop\VIVENT-FINAL-REPO\Vivent-Backend\Vivent\lib\site-packages\httpx\_client.py", line 825, in request
    return self.send(request, auth=auth, follow_redirects=follow_redirects)
  File "C:\Users\G L  B\Desktop\VIVENT-FINAL-REPO\Vivent-Backend\Vivent\lib\site-packages\httpx\_client.py", line 914, in send
    response = self._send_handling_auth(
  File "C:\Users\G L  B\Desktop\VIVENT-FINAL-REPO\Vivent-Backend\Vivent\lib\site-packages\httpx\_client.py", line 942, in _send_handling_auth
    response = self._send_handling_redirects(
  File "C:\Users\G L  B\Desktop\VIVENT-FINAL-REPO\Vivent-Backend\Vivent\lib\site-packages\httpx\_client.py", line 979, in _send_handling_redirects
    response = self._send_single_request(request)
  File "C:\Users\G L  B\Desktop\VIVENT-FINAL-REPO\Vivent-Backend\Vivent\lib\site-packages\httpx\_client.py", line 1014, in _send_single_request
    response = transport.handle_request(request)
  File "C:\Users\G L  B\Desktop\VIVENT-FINAL-REPO\Vivent-Backend\Vivent\lib\site-packages\httpx\_transports\default.py", line 250, in handle_request
    resp = self._pool.handle_request(req)
  File "C:\Users\G L  B\Desktop\VIVENT-FINAL-REPO\Vivent-Backend\Vivent\lib\site-packages\httpcore\_sync\connection_pool.py", line 256, in handle_request
    raise exc from None
  File "C:\Users\G L  B\Desktop\VIVENT-FINAL-REPO\Vivent-Backend\Vivent\lib\site-packages\httpcore\_sync\connection_pool.py", line 236, in handle_request
    response = connection.handle_request(
  File "C:\Users\G L  B\Desktop\VIVENT-FINAL-REPO\Vivent-Backend\Vivent\lib\site-packages\httpcore\_sync\connection.py", line 103, in handle_request
    return self._connection.handle_request(request)
  File "C:\Users\G L  B\Desktop\VIVENT-FINAL-REPO\Vivent-Backend\Vivent\lib\site-packages\httpcore\_sync\http2.py", line 169, in handle_request
    self._response_closed(stream_id=stream_id)
  File "C:\Users\G L  B\Desktop\VIVENT-FINAL-REPO\Vivent-Backend\Vivent\lib\site-packages\httpcore\_sync\http2.py", line 411, in _response_closed
    del self._events[stream_id]
KeyError: 5
ERROR:    Exception in ASGI application
Traceback (most recent call last):
  File "C:\Users\G L  B\Desktop\VIVENT-FINAL-REPO\Vivent-Backend\Vivent\lib\site-packages\httpx\_transports\default.py", line 101, in map_httpcore_exceptions
    yield
  File "C:\Users\G L  B\Desktop\VIVENT-FINAL-REPO\Vivent-Backend\Vivent\lib\site-packages\httpx\_transports\default.py", line 250, in handle_request
    resp = self._pool.handle_request(req)
  File "C:\Users\G L  B\Desktop\VIVENT-FINAL-REPO\Vivent-Backend\Vivent\lib\site-packages\httpcore\_sync\connection_pool.py", line 256, in handle_request
    raise exc from None
  File "C:\Users\G L  B\Desktop\VIVENT-FINAL-REPO\Vivent-Backend\Vivent\lib\site-packages\httpcore\_sync\connection_pool.py", line 236, in handle_request
    response = connection.handle_request(
  File "C:\Users\G L  B\Desktop\VIVENT-FINAL-REPO\Vivent-Backend\Vivent\lib\site-packages\httpcore\_sync\connection.py", line 103, in handle_request
    return self._connection.handle_request(request)
  File "C:\Users\G L  B\Desktop\VIVENT-FINAL-REPO\Vivent-Backend\Vivent\lib\site-packages\httpcore\_sync\http2.py", line 187, in handle_request
    raise exc
  File "C:\Users\G L  B\Desktop\VIVENT-FINAL-REPO\Vivent-Backend\Vivent\lib\site-packages\httpcore\_sync\http2.py", line 150, in handle_request
    status, headers = self._receive_response(
  File "C:\Users\G L  B\Desktop\VIVENT-FINAL-REPO\Vivent-Backend\Vivent\lib\site-packages\httpcore\_sync\http2.py", line 294, in _receive_response
    event = self._receive_stream_event(request, stream_id)
  File "C:\Users\G L  B\Desktop\VIVENT-FINAL-REPO\Vivent-Backend\Vivent\lib\site-packages\httpcore\_sync\http2.py", line 336, in _receive_stream_event
    self._receive_events(request, stream_id)
  File "C:\Users\G L  B\Desktop\VIVENT-FINAL-REPO\Vivent-Backend\Vivent\lib\site-packages\httpcore\_sync\http2.py", line 355, in _receive_events
    raise RemoteProtocolError(self._connection_terminated)
httpcore.RemoteProtocolError: <ConnectionTerminated error_code:ErrorCodes.PROTOCOL_ERROR, last_stream_id:35, additional_data:None>

The above exception was the direct cause of the following exception:

Traceback (most recent call last):
  File "C:\Users\G L  B\Desktop\VIVENT-FINAL-REPO\Vivent-Backend\Vivent\lib\site-packages\uvicorn\protocols\http\httptools_impl.py", line 421, in run_asgi
    result = await app(  # type: ignore[func-returns-value]
  File "C:\Users\G L  B\Desktop\VIVENT-FINAL-REPO\Vivent-Backend\Vivent\lib\site-packages\uvicorn\middleware\proxy_headers.py", line 56, in __call__
    return await self.app(scope, receive, send)
  File "C:\Users\G L  B\Desktop\VIVENT-FINAL-REPO\Vivent-Backend\Vivent\lib\site-packages\fastapi\applications.py", line 1159, in __call__
    await super().__call__(scope, receive, send)
  File "C:\Users\G L  B\Desktop\VIVENT-FINAL-REPO\Vivent-Backend\Vivent\lib\site-packages\starlette\applications.py", line 90, in __call__
    await self.middleware_stack(scope, receive, send)
  File "C:\Users\G L  B\Desktop\VIVENT-FINAL-REPO\Vivent-Backend\Vivent\lib\site-packages\starlette\middleware\errors.py", line 186, in __call__
    raise exc
  File "C:\Users\G L  B\Desktop\VIVENT-FINAL-REPO\Vivent-Backend\Vivent\lib\site-packages\starlette\middleware\errors.py", line 164, in __call__
    await self.app(scope, receive, _send)
  File "C:\Users\G L  B\Desktop\VIVENT-FINAL-REPO\Vivent-Backend\Vivent\lib\site-packages\starlette\middleware\cors.py", line 96, in __call__
    await self.simple_response(scope, receive, send, request_headers=headers)
  File "C:\Users\G L  B\Desktop\VIVENT-FINAL-REPO\Vivent-Backend\Vivent\lib\site-packages\starlette\middleware\cors.py", line 154, in simple_response
    await self.app(scope, receive, send)
  File "C:\Users\G L  B\Desktop\VIVENT-FINAL-REPO\Vivent-Backend\Vivent\lib\site-packages\starlette\middleware\exceptions.py", line 63, in __call__
    await wrap_app_handling_exceptions(self.app, conn)(scope, receive, send)
  File "C:\Users\G L  B\Desktop\VIVENT-FINAL-REPO\Vivent-Backend\Vivent\lib\site-packages\starlette\_exception_handler.py", line 53, in wrapped_app
    raise exc
  File "C:\Users\G L  B\Desktop\VIVENT-FINAL-REPO\Vivent-Backend\Vivent\lib\site-packages\starlette\_exception_handler.py", line 42, in wrapped_app
    await app(scope, receive, sender)
  File "C:\Users\G L  B\Desktop\VIVENT-FINAL-REPO\Vivent-Backend\Vivent\lib\site-packages\fastapi\middleware\asyncexitstack.py", line 18, in __call__
    await self.app(scope, receive, send)
  File "C:\Users\G L  B\Desktop\VIVENT-FINAL-REPO\Vivent-Backend\Vivent\lib\site-packages\starlette\routing.py", line 660, in __call__
    await self.middleware_stack(scope, receive, send)
  File "C:\Users\G L  B\Desktop\VIVENT-FINAL-REPO\Vivent-Backend\Vivent\lib\site-packages\starlette\routing.py", line 680, in app
    await route.handle(scope, receive, send)
  File "C:\Users\G L  B\Desktop\VIVENT-FINAL-REPO\Vivent-Backend\Vivent\lib\site-packages\starlette\routing.py", line 276, in handle
    await self.app(scope, receive, send)
  File "C:\Users\G L  B\Desktop\VIVENT-FINAL-REPO\Vivent-Backend\Vivent\lib\site-packages\fastapi\routing.py", line 134, in app
    await wrap_app_handling_exceptions(app, request)(scope, receive, send)
  File "C:\Users\G L  B\Desktop\VIVENT-FINAL-REPO\Vivent-Backend\Vivent\lib\site-packages\starlette\_exception_handler.py", line 53, in wrapped_app
    raise exc
  File "C:\Users\G L  B\Desktop\VIVENT-FINAL-REPO\Vivent-Backend\Vivent\lib\site-packages\starlette\_exception_handler.py", line 42, in wrapped_app
    await app(scope, receive, sender)
  File "C:\Users\G L  B\Desktop\VIVENT-FINAL-REPO\Vivent-Backend\Vivent\lib\site-packages\fastapi\routing.py", line 120, in app
    response = await f(request)
  File "C:\Users\G L  B\Desktop\VIVENT-FINAL-REPO\Vivent-Backend\Vivent\lib\site-packages\fastapi\routing.py", line 674, in app
    raw_response = await run_endpoint_function(
  File "C:\Users\G L  B\Desktop\VIVENT-FINAL-REPO\Vivent-Backend\Vivent\lib\site-packages\fastapi\routing.py", line 330, in run_endpoint_function
    return await run_in_threadpool(dependant.call, **values)
  File "C:\Users\G L  B\Desktop\VIVENT-FINAL-REPO\Vivent-Backend\Vivent\lib\site-packages\starlette\concurrency.py", line 32, in run_in_threadpool
    return await anyio.to_thread.run_sync(func)
  File "C:\Users\G L  B\Desktop\VIVENT-FINAL-REPO\Vivent-Backend\Vivent\lib\site-packages\anyio\to_thread.py", line 63, in run_sync
    return await get_async_backend().run_sync_in_worker_thread(
  File "C:\Users\G L  B\Desktop\VIVENT-FINAL-REPO\Vivent-Backend\Vivent\lib\site-packages\anyio\_backends\_asyncio.py", line 2518, in run_sync_in_worker_thread
    return await future
  File "C:\Users\G L  B\Desktop\VIVENT-FINAL-REPO\Vivent-Backend\Vivent\lib\site-packages\anyio\_backends\_asyncio.py", line 1002, in run
    result = context.run(func, *args)
  File "C:\Users\G L  B\Desktop\VIVENT-FINAL-REPO\Vivent-Backend\routers\admin_events.py", line 19, in list_pending_events
    response = supabase.table("pending_events").select("*").order("created_at", desc=False).execute()
  File "C:\Users\G L  B\Desktop\VIVENT-FINAL-REPO\Vivent-Backend\Vivent\lib\site-packages\postgrest\_sync\request_builder.py", line 78, in execute
    r = send_with_retry(self.request)
  File "C:\Users\G L  B\Desktop\VIVENT-FINAL-REPO\Vivent-Backend\Vivent\lib\site-packages\postgrest\_sync\request_builder.py", line 50, in send_with_retry
    resp = req.send(headers)
  File "C:\Users\G L  B\Desktop\VIVENT-FINAL-REPO\Vivent-Backend\Vivent\lib\site-packages\postgrest\base_request_builder.py", line 90, in send
    return self.session.request(
  File "C:\Users\G L  B\Desktop\VIVENT-FINAL-REPO\Vivent-Backend\Vivent\lib\site-packages\httpx\_client.py", line 825, in request
    return self.send(request, auth=auth, follow_redirects=follow_redirects)
  File "C:\Users\G L  B\Desktop\VIVENT-FINAL-REPO\Vivent-Backend\Vivent\lib\site-packages\httpx\_client.py", line 914, in send
    response = self._send_handling_auth(
  File "C:\Users\G L  B\Desktop\VIVENT-FINAL-REPO\Vivent-Backend\Vivent\lib\site-packages\httpx\_client.py", line 942, in _send_handling_auth
    response = self._send_handling_redirects(
  File "C:\Users\G L  B\Desktop\VIVENT-FINAL-REPO\Vivent-Backend\Vivent\lib\site-packages\httpx\_client.py", line 979, in _send_handling_redirects
    response = self._send_single_request(request)
  File "C:\Users\G L  B\Desktop\VIVENT-FINAL-REPO\Vivent-Backend\Vivent\lib\site-packages\httpx\_client.py", line 1014, in _send_single_request
    response = transport.handle_request(request)
  File "C:\Users\G L  B\Desktop\VIVENT-FINAL-REPO\Vivent-Backend\Vivent\lib\site-packages\httpx\_transports\default.py", line 249, in handle_request
    with map_httpcore_exceptions():
  File "C:\Users\G L  B\AppData\Local\Programs\Python\Python310\lib\contextlib.py", line 153, in __exit__
    self.gen.throw(typ, value, traceback)
  File "C:\Users\G L  B\Desktop\VIVENT-FINAL-REPO\Vivent-Backend\Vivent\lib\site-packages\httpx\_transports\default.py", line 118, in map_httpcore_exceptions
    raise mapped_exc(message) from exc
httpx.RemoteProtocolError: <ConnectionTerminated error_code:ErrorCodes.PROTOCOL_ERROR, last_stream_id:35, additional_data:None>
ERROR:    Exception in ASGI application
Traceback (most recent call last):
  File "C:\Users\G L  B\Desktop\VIVENT-FINAL-REPO\Vivent-Backend\Vivent\lib\site-packages\httpx\_transports\default.py", line 101, in map_httpcore_exceptions
    yield
  File "C:\Users\G L  B\Desktop\VIVENT-FINAL-REPO\Vivent-Backend\Vivent\lib\site-packages\httpx\_transports\default.py", line 250, in handle_request
    resp = self._pool.handle_request(req)
  File "C:\Users\G L  B\Desktop\VIVENT-FINAL-REPO\Vivent-Backend\Vivent\lib\site-packages\httpcore\_sync\connection_pool.py", line 256, in handle_request
    raise exc from None
  File "C:\Users\G L  B\Desktop\VIVENT-FINAL-REPO\Vivent-Backend\Vivent\lib\site-packages\httpcore\_sync\connection_pool.py", line 236, in handle_request
    response = connection.handle_request(
  File "C:\Users\G L  B\Desktop\VIVENT-FINAL-REPO\Vivent-Backend\Vivent\lib\site-packages\httpcore\_sync\connection.py", line 103, in handle_request
    return self._connection.handle_request(request)
  File "C:\Users\G L  B\Desktop\VIVENT-FINAL-REPO\Vivent-Backend\Vivent\lib\site-packages\httpcore\_sync\http2.py", line 187, in handle_request
    raise exc
  File "C:\Users\G L  B\Desktop\VIVENT-FINAL-REPO\Vivent-Backend\Vivent\lib\site-packages\httpcore\_sync\http2.py", line 150, in handle_request
    status, headers = self._receive_response(
  File "C:\Users\G L  B\Desktop\VIVENT-FINAL-REPO\Vivent-Backend\Vivent\lib\site-packages\httpcore\_sync\http2.py", line 294, in _receive_response
    event = self._receive_stream_event(request, stream_id)
  File "C:\Users\G L  B\Desktop\VIVENT-FINAL-REPO\Vivent-Backend\Vivent\lib\site-packages\httpcore\_sync\http2.py", line 336, in _receive_stream_event
    self._receive_events(request, stream_id)
  File "C:\Users\G L  B\Desktop\VIVENT-FINAL-REPO\Vivent-Backend\Vivent\lib\site-packages\httpcore\_sync\http2.py", line 355, in _receive_events
    raise RemoteProtocolError(self._connection_terminated)
httpcore.RemoteProtocolError: <ConnectionTerminated error_code:ErrorCodes.PROTOCOL_ERROR, last_stream_id:35, additional_data:None>

The above exception was the direct cause of the following exception:

Traceback (most recent call last):
  File "C:\Users\G L  B\Desktop\VIVENT-FINAL-REPO\Vivent-Backend\Vivent\lib\site-packages\uvicorn\protocols\http\httptools_impl.py", line 421, in run_asgi
    result = await app(  # type: ignore[func-returns-value]
  File "C:\Users\G L  B\Desktop\VIVENT-FINAL-REPO\Vivent-Backend\Vivent\lib\site-packages\uvicorn\middleware\proxy_headers.py", line 56, in __call__
    return await self.app(scope, receive, send)
  File "C:\Users\G L  B\Desktop\VIVENT-FINAL-REPO\Vivent-Backend\Vivent\lib\site-packages\fastapi\applications.py", line 1159, in __call__
    await super().__call__(scope, receive, send)
  File "C:\Users\G L  B\Desktop\VIVENT-FINAL-REPO\Vivent-Backend\Vivent\lib\site-packages\starlette\applications.py", line 90, in __call__
    await self.middleware_stack(scope, receive, send)
  File "C:\Users\G L  B\Desktop\VIVENT-FINAL-REPO\Vivent-Backend\Vivent\lib\site-packages\starlette\middleware\errors.py", line 186, in __call__
    raise exc
  File "C:\Users\G L  B\Desktop\VIVENT-FINAL-REPO\Vivent-Backend\Vivent\lib\site-packages\starlette\middleware\errors.py", line 164, in __call__
    await self.app(scope, receive, _send)
  File "C:\Users\G L  B\Desktop\VIVENT-FINAL-REPO\Vivent-Backend\Vivent\lib\site-packages\starlette\middleware\cors.py", line 96, in __call__
    await self.simple_response(scope, receive, send, request_headers=headers)
  File "C:\Users\G L  B\Desktop\VIVENT-FINAL-REPO\Vivent-Backend\Vivent\lib\site-packages\starlette\middleware\cors.py", line 154, in simple_response
    await self.app(scope, receive, send)
  File "C:\Users\G L  B\Desktop\VIVENT-FINAL-REPO\Vivent-Backend\Vivent\lib\site-packages\starlette\middleware\exceptions.py", line 63, in __call__
    await wrap_app_handling_exceptions(self.app, conn)(scope, receive, send)
  File "C:\Users\G L  B\Desktop\VIVENT-FINAL-REPO\Vivent-Backend\Vivent\lib\site-packages\starlette\_exception_handler.py", line 53, in wrapped_app
    raise exc
  File "C:\Users\G L  B\Desktop\VIVENT-FINAL-REPO\Vivent-Backend\Vivent\lib\site-packages\starlette\_exception_handler.py", line 42, in wrapped_app
    await app(scope, receive, sender)
  File "C:\Users\G L  B\Desktop\VIVENT-FINAL-REPO\Vivent-Backend\Vivent\lib\site-packages\fastapi\middleware\asyncexitstack.py", line 18, in __call__
    await self.app(scope, receive, send)
  File "C:\Users\G L  B\Desktop\VIVENT-FINAL-REPO\Vivent-Backend\Vivent\lib\site-packages\starlette\routing.py", line 660, in __call__
    await self.middleware_stack(scope, receive, send)
  File "C:\Users\G L  B\Desktop\VIVENT-FINAL-REPO\Vivent-Backend\Vivent\lib\site-packages\starlette\routing.py", line 680, in app
    await route.handle(scope, receive, send)
  File "C:\Users\G L  B\Desktop\VIVENT-FINAL-REPO\Vivent-Backend\Vivent\lib\site-packages\starlette\routing.py", line 276, in handle
    await self.app(scope, receive, send)
  File "C:\Users\G L  B\Desktop\VIVENT-FINAL-REPO\Vivent-Backend\Vivent\lib\site-packages\fastapi\routing.py", line 134, in app
    await wrap_app_handling_exceptions(app, request)(scope, receive, send)
  File "C:\Users\G L  B\Desktop\VIVENT-FINAL-REPO\Vivent-Backend\Vivent\lib\site-packages\starlette\_exception_handler.py", line 53, in wrapped_app
    raise exc
  File "C:\Users\G L  B\Desktop\VIVENT-FINAL-REPO\Vivent-Backend\Vivent\lib\site-packages\starlette\_exception_handler.py", line 42, in wrapped_app
    await app(scope, receive, sender)
  File "C:\Users\G L  B\Desktop\VIVENT-FINAL-REPO\Vivent-Backend\Vivent\lib\site-packages\fastapi\routing.py", line 120, in app
    response = await f(request)
  File "C:\Users\G L  B\Desktop\VIVENT-FINAL-REPO\Vivent-Backend\Vivent\lib\site-packages\fastapi\routing.py", line 674, in app
    raw_response = await run_endpoint_function(
  File "C:\Users\G L  B\Desktop\VIVENT-FINAL-REPO\Vivent-Backend\Vivent\lib\site-packages\fastapi\routing.py", line 330, in run_endpoint_function
    return await run_in_threadpool(dependant.call, **values)
  File "C:\Users\G L  B\Desktop\VIVENT-FINAL-REPO\Vivent-Backend\Vivent\lib\site-packages\starlette\concurrency.py", line 32, in run_in_threadpool
    return await anyio.to_thread.run_sync(func)
  File "C:\Users\G L  B\Desktop\VIVENT-FINAL-REPO\Vivent-Backend\Vivent\lib\site-packages\anyio\to_thread.py", line 63, in run_sync
    return await get_async_backend().run_sync_in_worker_thread(
  File "C:\Users\G L  B\Desktop\VIVENT-FINAL-REPO\Vivent-Backend\Vivent\lib\site-packages\anyio\_backends\_asyncio.py", line 2518, in run_sync_in_worker_thread
    return await future
  File "C:\Users\G L  B\Desktop\VIVENT-FINAL-REPO\Vivent-Backend\Vivent\lib\site-packages\anyio\_backends\_asyncio.py", line 1002, in run
    result = context.run(func, *args)
  File "C:\Users\G L  B\Desktop\VIVENT-FINAL-REPO\Vivent-Backend\routers\contact.py", line 92, in list_contact_messages
    response = supabase.table("contact_messages").select("*").order("created_at", desc=True).execute()
  File "C:\Users\G L  B\Desktop\VIVENT-FINAL-REPO\Vivent-Backend\Vivent\lib\site-packages\postgrest\_sync\request_builder.py", line 78, in execute
    r = send_with_retry(self.request)
  File "C:\Users\G L  B\Desktop\VIVENT-FINAL-REPO\Vivent-Backend\Vivent\lib\site-packages\postgrest\_sync\request_builder.py", line 50, in send_with_retry
    resp = req.send(headers)
  File "C:\Users\G L  B\Desktop\VIVENT-FINAL-REPO\Vivent-Backend\Vivent\lib\site-packages\postgrest\base_request_builder.py", line 90, in send
    return self.session.request(
  File "C:\Users\G L  B\Desktop\VIVENT-FINAL-REPO\Vivent-Backend\Vivent\lib\site-packages\httpx\_client.py", line 825, in request
    return self.send(request, auth=auth, follow_redirects=follow_redirects)
  File "C:\Users\G L  B\Desktop\VIVENT-FINAL-REPO\Vivent-Backend\Vivent\lib\site-packages\httpx\_client.py", line 914, in send
    response = self._send_handling_auth(
  File "C:\Users\G L  B\Desktop\VIVENT-FINAL-REPO\Vivent-Backend\Vivent\lib\site-packages\httpx\_client.py", line 942, in _send_handling_auth
    response = self._send_handling_redirects(
  File "C:\Users\G L  B\Desktop\VIVENT-FINAL-REPO\Vivent-Backend\Vivent\lib\site-packages\httpx\_client.py", line 979, in _send_handling_redirects
    response = self._send_single_request(request)
  File "C:\Users\G L  B\Desktop\VIVENT-FINAL-REPO\Vivent-Backend\Vivent\lib\site-packages\httpx\_client.py", line 1014, in _send_single_request
    response = transport.handle_request(request)
  File "C:\Users\G L  B\Desktop\VIVENT-FINAL-REPO\Vivent-Backend\Vivent\lib\site-packages\httpx\_transports\default.py", line 249, in handle_request
    with map_httpcore_exceptions():
  File "C:\Users\G L  B\AppData\Local\Programs\Python\Python310\lib\contextlib.py", line 153, in __exit__
    self.gen.throw(typ, value, traceback)
  File "C:\Users\G L  B\Desktop\VIVENT-FINAL-REPO\Vivent-Backend\Vivent\lib\site-packages\httpx\_transports\default.py", line 118, in map_httpcore_exceptions
    raise mapped_exc(message) from exc
httpx.RemoteProtocolError: <ConnectionTerminated error_code:ErrorCodes.PROTOCOL_ERROR, last_stream_id:35, additional_data:None>
ERROR:    Exception in ASGI application
Traceback (most recent call last):
  File "C:\Users\G L  B\Desktop\VIVENT-FINAL-REPO\Vivent-Backend\Vivent\lib\site-packages\httpx\_transports\default.py", line 101, in map_httpcore_exceptions
    yield
  File "C:\Users\G L  B\Desktop\VIVENT-FINAL-REPO\Vivent-Backend\Vivent\lib\site-packages\httpx\_transports\default.py", line 250, in handle_request
    resp = self._pool.handle_request(req)
  File "C:\Users\G L  B\Desktop\VIVENT-FINAL-REPO\Vivent-Backend\Vivent\lib\site-packages\httpcore\_sync\connection_pool.py", line 256, in handle_request
    raise exc from None
  File "C:\Users\G L  B\Desktop\VIVENT-FINAL-REPO\Vivent-Backend\Vivent\lib\site-packages\httpcore\_sync\connection_pool.py", line 236, in handle_request
    response = connection.handle_request(
  File "C:\Users\G L  B\Desktop\VIVENT-FINAL-REPO\Vivent-Backend\Vivent\lib\site-packages\httpcore\_sync\connection.py", line 103, in handle_request
    return self._connection.handle_request(request)
  File "C:\Users\G L  B\Desktop\VIVENT-FINAL-REPO\Vivent-Backend\Vivent\lib\site-packages\httpcore\_sync\http2.py", line 187, in handle_request
    raise exc
  File "C:\Users\G L  B\Desktop\VIVENT-FINAL-REPO\Vivent-Backend\Vivent\lib\site-packages\httpcore\_sync\http2.py", line 150, in handle_request
    status, headers = self._receive_response(
  File "C:\Users\G L  B\Desktop\VIVENT-FINAL-REPO\Vivent-Backend\Vivent\lib\site-packages\httpcore\_sync\http2.py", line 294, in _receive_response
    event = self._receive_stream_event(request, stream_id)
  File "C:\Users\G L  B\Desktop\VIVENT-FINAL-REPO\Vivent-Backend\Vivent\lib\site-packages\httpcore\_sync\http2.py", line 336, in _receive_stream_event
    self._receive_events(request, stream_id)
  File "C:\Users\G L  B\Desktop\VIVENT-FINAL-REPO\Vivent-Backend\Vivent\lib\site-packages\httpcore\_sync\http2.py", line 364, in _receive_events
    events = self._read_incoming_data(request)
  File "C:\Users\G L  B\Desktop\VIVENT-FINAL-REPO\Vivent-Backend\Vivent\lib\site-packages\httpcore\_sync\http2.py", line 438, in _read_incoming_data
    raise self._read_exception  # pragma: nocover
  File "C:\Users\G L  B\Desktop\VIVENT-FINAL-REPO\Vivent-Backend\Vivent\lib\site-packages\httpx\_transports\default.py", line 101, in map_httpcore_exceptions
    yield
  File "C:\Users\G L  B\Desktop\VIVENT-FINAL-REPO\Vivent-Backend\Vivent\lib\site-packages\httpx\_transports\default.py", line 250, in handle_request
    resp = self._pool.handle_request(req)
  File "C:\Users\G L  B\Desktop\VIVENT-FINAL-REPO\Vivent-Backend\Vivent\lib\site-packages\httpcore\_sync\connection_pool.py", line 256, in handle_request
    raise exc from None
  File "C:\Users\G L  B\Desktop\VIVENT-FINAL-REPO\Vivent-Backend\Vivent\lib\site-packages\httpcore\_sync\connection_pool.py", line 236, in handle_request
    response = connection.handle_request(
  File "C:\Users\G L  B\Desktop\VIVENT-FINAL-REPO\Vivent-Backend\Vivent\lib\site-packages\httpcore\_sync\connection.py", line 103, in handle_request
    return self._connection.handle_request(request)
  File "C:\Users\G L  B\Desktop\VIVENT-FINAL-REPO\Vivent-Backend\Vivent\lib\site-packages\httpcore\_sync\http2.py", line 187, in handle_request
    raise exc
  File "C:\Users\G L  B\Desktop\VIVENT-FINAL-REPO\Vivent-Backend\Vivent\lib\site-packages\httpcore\_sync\http2.py", line 150, in handle_request
    status, headers = self._receive_response(
  File "C:\Users\G L  B\Desktop\VIVENT-FINAL-REPO\Vivent-Backend\Vivent\lib\site-packages\httpcore\_sync\http2.py", line 294, in _receive_response
    event = self._receive_stream_event(request, stream_id)
  File "C:\Users\G L  B\Desktop\VIVENT-FINAL-REPO\Vivent-Backend\Vivent\lib\site-packages\httpcore\_sync\http2.py", line 336, in _receive_stream_event
    self._receive_events(request, stream_id)
  File "C:\Users\G L  B\Desktop\VIVENT-FINAL-REPO\Vivent-Backend\Vivent\lib\site-packages\httpcore\_sync\http2.py", line 364, in _receive_events
    events = self._read_incoming_data(request)
  File "C:\Users\G L  B\Desktop\VIVENT-FINAL-REPO\Vivent-Backend\Vivent\lib\site-packages\httpcore\_sync\http2.py", line 455, in _read_incoming_data
    raise exc
  File "C:\Users\G L  B\Desktop\VIVENT-FINAL-REPO\Vivent-Backend\Vivent\lib\site-packages\httpcore\_sync\http2.py", line 443, in _read_incoming_data
    raise RemoteProtocolError("Server disconnected")
httpcore.RemoteProtocolError: Server disconnected

The above exception was the direct cause of the following exception:

Traceback (most recent call last):
  File "C:\Users\G L  B\Desktop\VIVENT-FINAL-REPO\Vivent-Backend\Vivent\lib\site-packages\uvicorn\protocols\http\httptools_impl.py", line 421, in run_asgi
    result = await app(  # type: ignore[func-returns-value]
  File "C:\Users\G L  B\Desktop\VIVENT-FINAL-REPO\Vivent-Backend\Vivent\lib\site-packages\uvicorn\middleware\proxy_headers.py", line 56, in __call__
    return await self.app(scope, receive, send)
  File "C:\Users\G L  B\Desktop\VIVENT-FINAL-REPO\Vivent-Backend\Vivent\lib\site-packages\fastapi\applications.py", line 1159, in __call__
    await super().__call__(scope, receive, send)
  File "C:\Users\G L  B\Desktop\VIVENT-FINAL-REPO\Vivent-Backend\Vivent\lib\site-packages\starlette\applications.py", line 90, in __call__
    await self.middleware_stack(scope, receive, send)
  File "C:\Users\G L  B\Desktop\VIVENT-FINAL-REPO\Vivent-Backend\Vivent\lib\site-packages\starlette\middleware\errors.py", line 186, in __call__
    raise exc
  File "C:\Users\G L  B\Desktop\VIVENT-FINAL-REPO\Vivent-Backend\Vivent\lib\site-packages\starlette\middleware\errors.py", line 164, in __call__
    await self.app(scope, receive, _send)
  File "C:\Users\G L  B\Desktop\VIVENT-FINAL-REPO\Vivent-Backend\Vivent\lib\site-packages\starlette\middleware\cors.py", line 96, in __call__
    await self.simple_response(scope, receive, send, request_headers=headers)
  File "C:\Users\G L  B\Desktop\VIVENT-FINAL-REPO\Vivent-Backend\Vivent\lib\site-packages\starlette\middleware\cors.py", line 154, in simple_response
    await self.app(scope, receive, send)
  File "C:\Users\G L  B\Desktop\VIVENT-FINAL-REPO\Vivent-Backend\Vivent\lib\site-packages\starlette\middleware\exceptions.py", line 63, in __call__
    await wrap_app_handling_exceptions(self.app, conn)(scope, receive, send)
  File "C:\Users\G L  B\Desktop\VIVENT-FINAL-REPO\Vivent-Backend\Vivent\lib\site-packages\starlette\_exception_handler.py", line 53, in wrapped_app
    raise exc
  File "C:\Users\G L  B\Desktop\VIVENT-FINAL-REPO\Vivent-Backend\Vivent\lib\site-packages\starlette\_exception_handler.py", line 42, in wrapped_app
    await app(scope, receive, sender)
  File "C:\Users\G L  B\Desktop\VIVENT-FINAL-REPO\Vivent-Backend\Vivent\lib\site-packages\fastapi\middleware\asyncexitstack.py", line 18, in __call__
    await self.app(scope, receive, send)
  File "C:\Users\G L  B\Desktop\VIVENT-FINAL-REPO\Vivent-Backend\Vivent\lib\site-packages\starlette\routing.py", line 660, in __call__
    await self.middleware_stack(scope, receive, send)
  File "C:\Users\G L  B\Desktop\VIVENT-FINAL-REPO\Vivent-Backend\Vivent\lib\site-packages\starlette\routing.py", line 680, in app
    await route.handle(scope, receive, send)
  File "C:\Users\G L  B\Desktop\VIVENT-FINAL-REPO\Vivent-Backend\Vivent\lib\site-packages\starlette\routing.py", line 276, in handle
    await self.app(scope, receive, send)
  File "C:\Users\G L  B\Desktop\VIVENT-FINAL-REPO\Vivent-Backend\Vivent\lib\site-packages\fastapi\routing.py", line 134, in app
    await wrap_app_handling_exceptions(app, request)(scope, receive, send)
  File "C:\Users\G L  B\Desktop\VIVENT-FINAL-REPO\Vivent-Backend\Vivent\lib\site-packages\starlette\_exception_handler.py", line 53, in wrapped_app
    raise exc
  File "C:\Users\G L  B\Desktop\VIVENT-FINAL-REPO\Vivent-Backend\Vivent\lib\site-packages\starlette\_exception_handler.py", line 42, in wrapped_app
    await app(scope, receive, sender)
  File "C:\Users\G L  B\Desktop\VIVENT-FINAL-REPO\Vivent-Backend\Vivent\lib\site-packages\fastapi\routing.py", line 120, in app
    response = await f(request)
  File "C:\Users\G L  B\Desktop\VIVENT-FINAL-REPO\Vivent-Backend\Vivent\lib\site-packages\fastapi\routing.py", line 674, in app
    raw_response = await run_endpoint_function(
  File "C:\Users\G L  B\Desktop\VIVENT-FINAL-REPO\Vivent-Backend\Vivent\lib\site-packages\fastapi\routing.py", line 330, in run_endpoint_function
    return await run_in_threadpool(dependant.call, **values)
  File "C:\Users\G L  B\Desktop\VIVENT-FINAL-REPO\Vivent-Backend\Vivent\lib\site-packages\starlette\concurrency.py", line 32, in run_in_threadpool
    return await anyio.to_thread.run_sync(func)
  File "C:\Users\G L  B\Desktop\VIVENT-FINAL-REPO\Vivent-Backend\Vivent\lib\site-packages\anyio\to_thread.py", line 63, in run_sync
    return await get_async_backend().run_sync_in_worker_thread(
  File "C:\Users\G L  B\Desktop\VIVENT-FINAL-REPO\Vivent-Backend\Vivent\lib\site-packages\anyio\_backends\_asyncio.py", line 2518, in run_sync_in_worker_thread
    return await future
  File "C:\Users\G L  B\Desktop\VIVENT-FINAL-REPO\Vivent-Backend\Vivent\lib\site-packages\anyio\_backends\_asyncio.py", line 1002, in run
    result = context.run(func, *args)
  File "C:\Users\G L  B\Desktop\VIVENT-FINAL-REPO\Vivent-Backend\routers\campaigns.py", line 91, in campaign_detail
    campaign = _campaign_for_user(campaign_id, current_user)
  File "C:\Users\G L  B\Desktop\VIVENT-FINAL-REPO\Vivent-Backend\routers\campaigns.py", line 24, in _campaign_for_user
    campaign = get_row_or_404("campaigns", campaign_id)
  File "C:\Users\G L  B\Desktop\VIVENT-FINAL-REPO\Vivent-Backend\utils\helpers.py", line 58, in get_row_or_404
    response = supabase.table(table).select("*").eq("id", row_id).limit(1).execute()
  File "C:\Users\G L  B\Desktop\VIVENT-FINAL-REPO\Vivent-Backend\Vivent\lib\site-packages\postgrest\_sync\request_builder.py", line 78, in execute
    r = send_with_retry(self.request)
  File "C:\Users\G L  B\Desktop\VIVENT-FINAL-REPO\Vivent-Backend\Vivent\lib\site-packages\postgrest\_sync\request_builder.py", line 50, in send_with_retry
    resp = req.send(headers)
  File "C:\Users\G L  B\Desktop\VIVENT-FINAL-REPO\Vivent-Backend\Vivent\lib\site-packages\postgrest\base_request_builder.py", line 90, in send
    return self.session.request(
  File "C:\Users\G L  B\Desktop\VIVENT-FINAL-REPO\Vivent-Backend\Vivent\lib\site-packages\httpx\_client.py", line 825, in request
    return self.send(request, auth=auth, follow_redirects=follow_redirects)
  File "C:\Users\G L  B\Desktop\VIVENT-FINAL-REPO\Vivent-Backend\Vivent\lib\site-packages\httpx\_client.py", line 914, in send
    response = self._send_handling_auth(
  File "C:\Users\G L  B\Desktop\VIVENT-FINAL-REPO\Vivent-Backend\Vivent\lib\site-packages\httpx\_client.py", line 942, in _send_handling_auth
    response = self._send_handling_redirects(
  File "C:\Users\G L  B\Desktop\VIVENT-FINAL-REPO\Vivent-Backend\Vivent\lib\site-packages\httpx\_client.py", line 979, in _send_handling_redirects
    response = self._send_single_request(request)
  File "C:\Users\G L  B\Desktop\VIVENT-FINAL-REPO\Vivent-Backend\Vivent\lib\site-packages\httpx\_client.py", line 1014, in _send_single_request
    response = transport.handle_request(request)
  File "C:\Users\G L  B\Desktop\VIVENT-FINAL-REPO\Vivent-Backend\Vivent\lib\site-packages\httpx\_transports\default.py", line 249, in handle_request
    with map_httpcore_exceptions():
  File "C:\Users\G L  B\AppData\Local\Programs\Python\Python310\lib\contextlib.py", line 153, in __exit__
    self.gen.throw(typ, value, traceback)
  File "C:\Users\G L  B\Desktop\VIVENT-FINAL-REPO\Vivent-Backend\Vivent\lib\site-packages\httpx\_transports\default.py", line 118, in map_httpcore_exceptions
    raise mapped_exc(message) from exc
httpx.RemoteProtocolError: Server disconnected
ERROR:    Exception in ASGI application
Traceback (most recent call last):
  File "C:\Users\G L  B\Desktop\VIVENT-FINAL-REPO\Vivent-Backend\Vivent\lib\site-packages\httpx\_transports\default.py", line 101, in map_httpcore_exceptions
    yield
  File "C:\Users\G L  B\Desktop\VIVENT-FINAL-REPO\Vivent-Backend\Vivent\lib\site-packages\httpx\_transports\default.py", line 250, in handle_request
    resp = self._pool.handle_request(req)
  File "C:\Users\G L  B\Desktop\VIVENT-FINAL-REPO\Vivent-Backend\Vivent\lib\site-packages\httpcore\_sync\connection_pool.py", line 256, in handle_request
    raise exc from None
  File "C:\Users\G L  B\Desktop\VIVENT-FINAL-REPO\Vivent-Backend\Vivent\lib\site-packages\httpcore\_sync\connection_pool.py", line 236, in handle_request
    response = connection.handle_request(
  File "C:\Users\G L  B\Desktop\VIVENT-FINAL-REPO\Vivent-Backend\Vivent\lib\site-packages\httpcore\_sync\connection.py", line 103, in handle_request
    return self._connection.handle_request(request)
  File "C:\Users\G L  B\Desktop\VIVENT-FINAL-REPO\Vivent-Backend\Vivent\lib\site-packages\httpcore\_sync\http2.py", line 187, in handle_request
    raise exc
  File "C:\Users\G L  B\Desktop\VIVENT-FINAL-REPO\Vivent-Backend\Vivent\lib\site-packages\httpcore\_sync\http2.py", line 150, in handle_request
    status, headers = self._receive_response(
  File "C:\Users\G L  B\Desktop\VIVENT-FINAL-REPO\Vivent-Backend\Vivent\lib\site-packages\httpcore\_sync\http2.py", line 294, in _receive_response
    event = self._receive_stream_event(request, stream_id)
  File "C:\Users\G L  B\Desktop\VIVENT-FINAL-REPO\Vivent-Backend\Vivent\lib\site-packages\httpcore\_sync\http2.py", line 336, in _receive_stream_event
    self._receive_events(request, stream_id)
  File "C:\Users\G L  B\Desktop\VIVENT-FINAL-REPO\Vivent-Backend\Vivent\lib\site-packages\httpcore\_sync\http2.py", line 364, in _receive_events
    events = self._read_incoming_data(request)
  File "C:\Users\G L  B\Desktop\VIVENT-FINAL-REPO\Vivent-Backend\Vivent\lib\site-packages\httpcore\_sync\http2.py", line 438, in _read_incoming_data
    raise self._read_exception  # pragma: nocover
  File "C:\Users\G L  B\Desktop\VIVENT-FINAL-REPO\Vivent-Backend\Vivent\lib\site-packages\httpx\_transports\default.py", line 101, in map_httpcore_exceptions
    yield
  File "C:\Users\G L  B\Desktop\VIVENT-FINAL-REPO\Vivent-Backend\Vivent\lib\site-packages\httpx\_transports\default.py", line 250, in handle_request
    resp = self._pool.handle_request(req)
  File "C:\Users\G L  B\Desktop\VIVENT-FINAL-REPO\Vivent-Backend\Vivent\lib\site-packages\httpcore\_sync\connection_pool.py", line 256, in handle_request
    raise exc from None
  File "C:\Users\G L  B\Desktop\VIVENT-FINAL-REPO\Vivent-Backend\Vivent\lib\site-packages\httpcore\_sync\connection_pool.py", line 236, in handle_request
    response = connection.handle_request(
  File "C:\Users\G L  B\Desktop\VIVENT-FINAL-REPO\Vivent-Backend\Vivent\lib\site-packages\httpcore\_sync\connection.py", line 103, in handle_request
    return self._connection.handle_request(request)
  File "C:\Users\G L  B\Desktop\VIVENT-FINAL-REPO\Vivent-Backend\Vivent\lib\site-packages\httpcore\_sync\http2.py", line 187, in handle_request
    raise exc
  File "C:\Users\G L  B\Desktop\VIVENT-FINAL-REPO\Vivent-Backend\Vivent\lib\site-packages\httpcore\_sync\http2.py", line 150, in handle_request
    status, headers = self._receive_response(
  File "C:\Users\G L  B\Desktop\VIVENT-FINAL-REPO\Vivent-Backend\Vivent\lib\site-packages\httpcore\_sync\http2.py", line 294, in _receive_response
    event = self._receive_stream_event(request, stream_id)
  File "C:\Users\G L  B\Desktop\VIVENT-FINAL-REPO\Vivent-Backend\Vivent\lib\site-packages\httpcore\_sync\http2.py", line 336, in _receive_stream_event
    self._receive_events(request, stream_id)
  File "C:\Users\G L  B\Desktop\VIVENT-FINAL-REPO\Vivent-Backend\Vivent\lib\site-packages\httpcore\_sync\http2.py", line 364, in _receive_events
    events = self._read_incoming_data(request)
  File "C:\Users\G L  B\Desktop\VIVENT-FINAL-REPO\Vivent-Backend\Vivent\lib\site-packages\httpcore\_sync\http2.py", line 455, in _read_incoming_data
    raise exc
  File "C:\Users\G L  B\Desktop\VIVENT-FINAL-REPO\Vivent-Backend\Vivent\lib\site-packages\httpcore\_sync\http2.py", line 443, in _read_incoming_data
    raise RemoteProtocolError("Server disconnected")
httpcore.RemoteProtocolError: Server disconnected

The above exception was the direct cause of the following exception:

Traceback (most recent call last):
  File "C:\Users\G L  B\Desktop\VIVENT-FINAL-REPO\Vivent-Backend\Vivent\lib\site-packages\uvicorn\protocols\http\httptools_impl.py", line 421, in run_asgi
    result = await app(  # type: ignore[func-returns-value]
  File "C:\Users\G L  B\Desktop\VIVENT-FINAL-REPO\Vivent-Backend\Vivent\lib\site-packages\uvicorn\middleware\proxy_headers.py", line 56, in __call__
    return await self.app(scope, receive, send)
  File "C:\Users\G L  B\Desktop\VIVENT-FINAL-REPO\Vivent-Backend\Vivent\lib\site-packages\fastapi\applications.py", line 1159, in __call__
    await super().__call__(scope, receive, send)
  File "C:\Users\G L  B\Desktop\VIVENT-FINAL-REPO\Vivent-Backend\Vivent\lib\site-packages\starlette\applications.py", line 90, in __call__
    await self.middleware_stack(scope, receive, send)
  File "C:\Users\G L  B\Desktop\VIVENT-FINAL-REPO\Vivent-Backend\Vivent\lib\site-packages\starlette\middleware\errors.py", line 186, in __call__
    raise exc
  File "C:\Users\G L  B\Desktop\VIVENT-FINAL-REPO\Vivent-Backend\Vivent\lib\site-packages\starlette\middleware\errors.py", line 164, in __call__
    await self.app(scope, receive, _send)
  File "C:\Users\G L  B\Desktop\VIVENT-FINAL-REPO\Vivent-Backend\Vivent\lib\site-packages\starlette\middleware\cors.py", line 96, in __call__
    await self.simple_response(scope, receive, send, request_headers=headers)
  File "C:\Users\G L  B\Desktop\VIVENT-FINAL-REPO\Vivent-Backend\Vivent\lib\site-packages\starlette\middleware\cors.py", line 154, in simple_response
    await self.app(scope, receive, send)
  File "C:\Users\G L  B\Desktop\VIVENT-FINAL-REPO\Vivent-Backend\Vivent\lib\site-packages\starlette\middleware\exceptions.py", line 63, in __call__
    await wrap_app_handling_exceptions(self.app, conn)(scope, receive, send)
  File "C:\Users\G L  B\Desktop\VIVENT-FINAL-REPO\Vivent-Backend\Vivent\lib\site-packages\starlette\_exception_handler.py", line 53, in wrapped_app
    raise exc
  File "C:\Users\G L  B\Desktop\VIVENT-FINAL-REPO\Vivent-Backend\Vivent\lib\site-packages\starlette\_exception_handler.py", line 42, in wrapped_app
    await app(scope, receive, sender)
  File "C:\Users\G L  B\Desktop\VIVENT-FINAL-REPO\Vivent-Backend\Vivent\lib\site-packages\fastapi\middleware\asyncexitstack.py", line 18, in __call__
    await self.app(scope, receive, send)
  File "C:\Users\G L  B\Desktop\VIVENT-FINAL-REPO\Vivent-Backend\Vivent\lib\site-packages\starlette\routing.py", line 660, in __call__
    await self.middleware_stack(scope, receive, send)
  File "C:\Users\G L  B\Desktop\VIVENT-FINAL-REPO\Vivent-Backend\Vivent\lib\site-packages\starlette\routing.py", line 680, in app
    await route.handle(scope, receive, send)
  File "C:\Users\G L  B\Desktop\VIVENT-FINAL-REPO\Vivent-Backend\Vivent\lib\site-packages\starlette\routing.py", line 276, in handle
    await self.app(scope, receive, send)
  File "C:\Users\G L  B\Desktop\VIVENT-FINAL-REPO\Vivent-Backend\Vivent\lib\site-packages\fastapi\routing.py", line 134, in app
    await wrap_app_handling_exceptions(app, request)(scope, receive, send)
  File "C:\Users\G L  B\Desktop\VIVENT-FINAL-REPO\Vivent-Backend\Vivent\lib\site-packages\starlette\_exception_handler.py", line 53, in wrapped_app
    raise exc
  File "C:\Users\G L  B\Desktop\VIVENT-FINAL-REPO\Vivent-Backend\Vivent\lib\site-packages\starlette\_exception_handler.py", line 42, in wrapped_app
    await app(scope, receive, sender)
  File "C:\Users\G L  B\Desktop\VIVENT-FINAL-REPO\Vivent-Backend\Vivent\lib\site-packages\fastapi\routing.py", line 120, in app
    response = await f(request)
  File "C:\Users\G L  B\Desktop\VIVENT-FINAL-REPO\Vivent-Backend\Vivent\lib\site-packages\fastapi\routing.py", line 674, in app
    raw_response = await run_endpoint_function(
  File "C:\Users\G L  B\Desktop\VIVENT-FINAL-REPO\Vivent-Backend\Vivent\lib\site-packages\fastapi\routing.py", line 330, in run_endpoint_function
    return await run_in_threadpool(dependant.call, **values)
  File "C:\Users\G L  B\Desktop\VIVENT-FINAL-REPO\Vivent-Backend\Vivent\lib\site-packages\starlette\concurrency.py", line 32, in run_in_threadpool
    return await anyio.to_thread.run_sync(func)
  File "C:\Users\G L  B\Desktop\VIVENT-FINAL-REPO\Vivent-Backend\Vivent\lib\site-packages\anyio\to_thread.py", line 63, in run_sync
    return await get_async_backend().run_sync_in_worker_thread(
  File "C:\Users\G L  B\Desktop\VIVENT-FINAL-REPO\Vivent-Backend\Vivent\lib\site-packages\anyio\_backends\_asyncio.py", line 2518, in run_sync_in_worker_thread
    return await future
  File "C:\Users\G L  B\Desktop\VIVENT-FINAL-REPO\Vivent-Backend\Vivent\lib\site-packages\anyio\_backends\_asyncio.py", line 1002, in run
    result = context.run(func, *args)
  File "C:\Users\G L  B\Desktop\VIVENT-FINAL-REPO\Vivent-Backend\routers\campaigns.py", line 86, in list_campaigns
    return supabase.table("campaigns").select("*, plans(name), campaign_platforms(*)").order("created_at", desc=True).execute().data or []
  File "C:\Users\G L  B\Desktop\VIVENT-FINAL-REPO\Vivent-Backend\Vivent\lib\site-packages\postgrest\_sync\request_builder.py", line 78, in execute
    r = send_with_retry(self.request)
  File "C:\Users\G L  B\Desktop\VIVENT-FINAL-REPO\Vivent-Backend\Vivent\lib\site-packages\postgrest\_sync\request_builder.py", line 50, in send_with_retry
    resp = req.send(headers)
  File "C:\Users\G L  B\Desktop\VIVENT-FINAL-REPO\Vivent-Backend\Vivent\lib\site-packages\postgrest\base_request_builder.py", line 90, in send
    return self.session.request(
  File "C:\Users\G L  B\Desktop\VIVENT-FINAL-REPO\Vivent-Backend\Vivent\lib\site-packages\httpx\_client.py", line 825, in request
    return self.send(request, auth=auth, follow_redirects=follow_redirects)
  File "C:\Users\G L  B\Desktop\VIVENT-FINAL-REPO\Vivent-Backend\Vivent\lib\site-packages\httpx\_client.py", line 914, in send
    response = self._send_handling_auth(
  File "C:\Users\G L  B\Desktop\VIVENT-FINAL-REPO\Vivent-Backend\Vivent\lib\site-packages\httpx\_client.py", line 942, in _send_handling_auth
    response = self._send_handling_redirects(
  File "C:\Users\G L  B\Desktop\VIVENT-FINAL-REPO\Vivent-Backend\Vivent\lib\site-packages\httpx\_client.py", line 979, in _send_handling_redirects
    response = self._send_single_request(request)
  File "C:\Users\G L  B\Desktop\VIVENT-FINAL-REPO\Vivent-Backend\Vivent\lib\site-packages\httpx\_client.py", line 1014, in _send_single_request
    response = transport.handle_request(request)
  File "C:\Users\G L  B\Desktop\VIVENT-FINAL-REPO\Vivent-Backend\Vivent\lib\site-packages\httpx\_transports\default.py", line 249, in handle_request
    with map_httpcore_exceptions():
  File "C:\Users\G L  B\AppData\Local\Programs\Python\Python310\lib\contextlib.py", line 153, in __exit__
    self.gen.throw(typ, value, traceback)
  File "C:\Users\G L  B\Desktop\VIVENT-FINAL-REPO\Vivent-Backend\Vivent\lib\site-packages\httpx\_transports\default.py", line 118, in map_httpcore_exceptions
    raise mapped_exc(message) from exc
httpx.RemoteProtocolError: Server disconnected
ERROR:    Exception in ASGI application
Traceback (most recent call last):
  File "C:\Users\G L  B\Desktop\VIVENT-FINAL-REPO\Vivent-Backend\Vivent\lib\site-packages\httpx\_transports\default.py", line 101, in map_httpcore_exceptions
    yield
  File "C:\Users\G L  B\Desktop\VIVENT-FINAL-REPO\Vivent-Backend\Vivent\lib\site-packages\httpx\_transports\default.py", line 250, in handle_request
    resp = self._pool.handle_request(req)
  File "C:\Users\G L  B\Desktop\VIVENT-FINAL-REPO\Vivent-Backend\Vivent\lib\site-packages\httpcore\_sync\connection_pool.py", line 256, in handle_request
    raise exc from None
  File "C:\Users\G L  B\Desktop\VIVENT-FINAL-REPO\Vivent-Backend\Vivent\lib\site-packages\httpcore\_sync\connection_pool.py", line 236, in handle_request
    response = connection.handle_request(
  File "C:\Users\G L  B\Desktop\VIVENT-FINAL-REPO\Vivent-Backend\Vivent\lib\site-packages\httpcore\_sync\connection.py", line 103, in handle_request
    return self._connection.handle_request(request)
  File "C:\Users\G L  B\Desktop\VIVENT-FINAL-REPO\Vivent-Backend\Vivent\lib\site-packages\httpcore\_sync\http2.py", line 187, in handle_request
    raise exc
  File "C:\Users\G L  B\Desktop\VIVENT-FINAL-REPO\Vivent-Backend\Vivent\lib\site-packages\httpcore\_sync\http2.py", line 150, in handle_request
    status, headers = self._receive_response(
  File "C:\Users\G L  B\Desktop\VIVENT-FINAL-REPO\Vivent-Backend\Vivent\lib\site-packages\httpcore\_sync\http2.py", line 294, in _receive_response
    event = self._receive_stream_event(request, stream_id)
  File "C:\Users\G L  B\Desktop\VIVENT-FINAL-REPO\Vivent-Backend\Vivent\lib\site-packages\httpcore\_sync\http2.py", line 336, in _receive_stream_event
    self._receive_events(request, stream_id)
  File "C:\Users\G L  B\Desktop\VIVENT-FINAL-REPO\Vivent-Backend\Vivent\lib\site-packages\httpcore\_sync\http2.py", line 355, in _receive_events
    raise RemoteProtocolError(self._connection_terminated)
httpcore.RemoteProtocolError: <ConnectionTerminated error_code:ErrorCodes.PROTOCOL_ERROR, last_stream_id:5, additional_data:None>

The above exception was the direct cause of the following exception:

Traceback (most recent call last):
  File "C:\Users\G L  B\Desktop\VIVENT-FINAL-REPO\Vivent-Backend\Vivent\lib\site-packages\uvicorn\protocols\http\httptools_impl.py", line 421, in run_asgi
    result = await app(  # type: ignore[func-returns-value]
  File "C:\Users\G L  B\Desktop\VIVENT-FINAL-REPO\Vivent-Backend\Vivent\lib\site-packages\uvicorn\middleware\proxy_headers.py", line 56, in __call__
    return await self.app(scope, receive, send)
  File "C:\Users\G L  B\Desktop\VIVENT-FINAL-REPO\Vivent-Backend\Vivent\lib\site-packages\fastapi\applications.py", line 1159, in __call__
    await super().__call__(scope, receive, send)
  File "C:\Users\G L  B\Desktop\VIVENT-FINAL-REPO\Vivent-Backend\Vivent\lib\site-packages\starlette\applications.py", line 90, in __call__
    await self.middleware_stack(scope, receive, send)
  File "C:\Users\G L  B\Desktop\VIVENT-FINAL-REPO\Vivent-Backend\Vivent\lib\site-packages\starlette\middleware\errors.py", line 186, in __call__
    raise exc
  File "C:\Users\G L  B\Desktop\VIVENT-FINAL-REPO\Vivent-Backend\Vivent\lib\site-packages\starlette\middleware\errors.py", line 164, in __call__
    await self.app(scope, receive, _send)
  File "C:\Users\G L  B\Desktop\VIVENT-FINAL-REPO\Vivent-Backend\Vivent\lib\site-packages\starlette\middleware\cors.py", line 96, in __call__
    await self.simple_response(scope, receive, send, request_headers=headers)
  File "C:\Users\G L  B\Desktop\VIVENT-FINAL-REPO\Vivent-Backend\Vivent\lib\site-packages\starlette\middleware\cors.py", line 154, in simple_response
    await self.app(scope, receive, send)
  File "C:\Users\G L  B\Desktop\VIVENT-FINAL-REPO\Vivent-Backend\Vivent\lib\site-packages\starlette\middleware\exceptions.py", line 63, in __call__
    await wrap_app_handling_exceptions(self.app, conn)(scope, receive, send)
  File "C:\Users\G L  B\Desktop\VIVENT-FINAL-REPO\Vivent-Backend\Vivent\lib\site-packages\starlette\_exception_handler.py", line 53, in wrapped_app
    raise exc
  File "C:\Users\G L  B\Desktop\VIVENT-FINAL-REPO\Vivent-Backend\Vivent\lib\site-packages\starlette\_exception_handler.py", line 42, in wrapped_app
    await app(scope, receive, sender)
  File "C:\Users\G L  B\Desktop\VIVENT-FINAL-REPO\Vivent-Backend\Vivent\lib\site-packages\fastapi\middleware\asyncexitstack.py", line 18, in __call__
    await self.app(scope, receive, send)
  File "C:\Users\G L  B\Desktop\VIVENT-FINAL-REPO\Vivent-Backend\Vivent\lib\site-packages\starlette\routing.py", line 660, in __call__
    await self.middleware_stack(scope, receive, send)
  File "C:\Users\G L  B\Desktop\VIVENT-FINAL-REPO\Vivent-Backend\Vivent\lib\site-packages\starlette\routing.py", line 680, in app
    await route.handle(scope, receive, send)
  File "C:\Users\G L  B\Desktop\VIVENT-FINAL-REPO\Vivent-Backend\Vivent\lib\site-packages\starlette\routing.py", line 276, in handle
    await self.app(scope, receive, send)
  File "C:\Users\G L  B\Desktop\VIVENT-FINAL-REPO\Vivent-Backend\Vivent\lib\site-packages\fastapi\routing.py", line 134, in app
    await wrap_app_handling_exceptions(app, request)(scope, receive, send)
  File "C:\Users\G L  B\Desktop\VIVENT-FINAL-REPO\Vivent-Backend\Vivent\lib\site-packages\starlette\_exception_handler.py", line 53, in wrapped_app
    raise exc
  File "C:\Users\G L  B\Desktop\VIVENT-FINAL-REPO\Vivent-Backend\Vivent\lib\site-packages\starlette\_exception_handler.py", line 42, in wrapped_app
    await app(scope, receive, sender)
  File "C:\Users\G L  B\Desktop\VIVENT-FINAL-REPO\Vivent-Backend\Vivent\lib\site-packages\fastapi\routing.py", line 120, in app
    response = await f(request)
  File "C:\Users\G L  B\Desktop\VIVENT-FINAL-REPO\Vivent-Backend\Vivent\lib\site-packages\fastapi\routing.py", line 457, in app
    solved_result = await solve_dependencies(
  File "C:\Users\G L  B\Desktop\VIVENT-FINAL-REPO\Vivent-Backend\Vivent\lib\site-packages\fastapi\dependencies\utils.py", line 680, in solve_dependencies
    solved = await run_in_threadpool(call, **solved_result.values)
  File "C:\Users\G L  B\Desktop\VIVENT-FINAL-REPO\Vivent-Backend\Vivent\lib\site-packages\starlette\concurrency.py", line 32, in run_in_threadpool
    return await anyio.to_thread.run_sync(func)
  File "C:\Users\G L  B\Desktop\VIVENT-FINAL-REPO\Vivent-Backend\Vivent\lib\site-packages\anyio\to_thread.py", line 63, in run_sync
    return await get_async_backend().run_sync_in_worker_thread(
  File "C:\Users\G L  B\Desktop\VIVENT-FINAL-REPO\Vivent-Backend\Vivent\lib\site-packages\anyio\_backends\_asyncio.py", line 2518, in run_sync_in_worker_thread
    return await future
  File "C:\Users\G L  B\Desktop\VIVENT-FINAL-REPO\Vivent-Backend\Vivent\lib\site-packages\anyio\_backends\_asyncio.py", line 1002, in run
    result = context.run(func, *args)
  File "C:\Users\G L  B\Desktop\VIVENT-FINAL-REPO\Vivent-Backend\dependencies.py", line 71, in get_current_user
    user = _lookup_user_by_token_payload(payload)
  File "C:\Users\G L  B\Desktop\VIVENT-FINAL-REPO\Vivent-Backend\dependencies.py", line 27, in _lookup_user_by_token_payload
    response = supabase.table("users").select("*").eq("id", user_id).limit(1).execute()
  File "C:\Users\G L  B\Desktop\VIVENT-FINAL-REPO\Vivent-Backend\Vivent\lib\site-packages\postgrest\_sync\request_builder.py", line 78, in execute
    r = send_with_retry(self.request)
  File "C:\Users\G L  B\Desktop\VIVENT-FINAL-REPO\Vivent-Backend\Vivent\lib\site-packages\postgrest\_sync\request_builder.py", line 50, in send_with_retry
    resp = req.send(headers)
  File "C:\Users\G L  B\Desktop\VIVENT-FINAL-REPO\Vivent-Backend\Vivent\lib\site-packages\postgrest\base_request_builder.py", line 90, in send
    return self.session.request(
  File "C:\Users\G L  B\Desktop\VIVENT-FINAL-REPO\Vivent-Backend\Vivent\lib\site-packages\httpx\_client.py", line 825, in request
    return self.send(request, auth=auth, follow_redirects=follow_redirects)
  File "C:\Users\G L  B\Desktop\VIVENT-FINAL-REPO\Vivent-Backend\Vivent\lib\site-packages\httpx\_client.py", line 914, in send
    response = self._send_handling_auth(
  File "C:\Users\G L  B\Desktop\VIVENT-FINAL-REPO\Vivent-Backend\Vivent\lib\site-packages\httpx\_client.py", line 942, in _send_handling_auth
    response = self._send_handling_redirects(
  File "C:\Users\G L  B\Desktop\VIVENT-FINAL-REPO\Vivent-Backend\Vivent\lib\site-packages\httpx\_client.py", line 979, in _send_handling_redirects
    response = self._send_single_request(request)
  File "C:\Users\G L  B\Desktop\VIVENT-FINAL-REPO\Vivent-Backend\Vivent\lib\site-packages\httpx\_client.py", line 1014, in _send_single_request
    response = transport.handle_request(request)
  File "C:\Users\G L  B\Desktop\VIVENT-FINAL-REPO\Vivent-Backend\Vivent\lib\site-packages\httpx\_transports\default.py", line 249, in handle_request
    with map_httpcore_exceptions():
  File "C:\Users\G L  B\AppData\Local\Programs\Python\Python310\lib\contextlib.py", line 153, in __exit__
    self.gen.throw(typ, value, traceback)
  File "C:\Users\G L  B\Desktop\VIVENT-FINAL-REPO\Vivent-Backend\Vivent\lib\site-packages\httpx\_transports\default.py", line 118, in map_httpcore_exceptions
    raise mapped_exc(message) from exc
httpx.RemoteProtocolError: <ConnectionTerminated error_code:ErrorCodes.PROTOCOL_ERROR, last_stream_id:5, additional_data:None>
ERROR:    Exception in ASGI application
Traceback (most recent call last):
  File "C:\Users\G L  B\Desktop\VIVENT-FINAL-REPO\Vivent-Backend\Vivent\lib\site-packages\httpx\_transports\default.py", line 101, in map_httpcore_exceptions
    yield
  File "C:\Users\G L  B\Desktop\VIVENT-FINAL-REPO\Vivent-Backend\Vivent\lib\site-packages\httpx\_transports\default.py", line 250, in handle_request
    resp = self._pool.handle_request(req)
  File "C:\Users\G L  B\Desktop\VIVENT-FINAL-REPO\Vivent-Backend\Vivent\lib\site-packages\httpcore\_sync\connection_pool.py", line 256, in handle_request
    raise exc from None
  File "C:\Users\G L  B\Desktop\VIVENT-FINAL-REPO\Vivent-Backend\Vivent\lib\site-packages\httpcore\_sync\connection_pool.py", line 236, in handle_request
    response = connection.handle_request(
  File "C:\Users\G L  B\Desktop\VIVENT-FINAL-REPO\Vivent-Backend\Vivent\lib\site-packages\httpcore\_sync\connection.py", line 103, in handle_request
    return self._connection.handle_request(request)
  File "C:\Users\G L  B\Desktop\VIVENT-FINAL-REPO\Vivent-Backend\Vivent\lib\site-packages\httpcore\_sync\http2.py", line 187, in handle_request
    raise exc
  File "C:\Users\G L  B\Desktop\VIVENT-FINAL-REPO\Vivent-Backend\Vivent\lib\site-packages\httpcore\_sync\http2.py", line 150, in handle_request
    status, headers = self._receive_response(
  File "C:\Users\G L  B\Desktop\VIVENT-FINAL-REPO\Vivent-Backend\Vivent\lib\site-packages\httpcore\_sync\http2.py", line 294, in _receive_response
    event = self._receive_stream_event(request, stream_id)
  File "C:\Users\G L  B\Desktop\VIVENT-FINAL-REPO\Vivent-Backend\Vivent\lib\site-packages\httpcore\_sync\http2.py", line 336, in _receive_stream_event
    self._receive_events(request, stream_id)
  File "C:\Users\G L  B\Desktop\VIVENT-FINAL-REPO\Vivent-Backend\Vivent\lib\site-packages\httpcore\_sync\http2.py", line 355, in _receive_events
    raise RemoteProtocolError(self._connection_terminated)
httpcore.RemoteProtocolError: <ConnectionTerminated error_code:ErrorCodes.PROTOCOL_ERROR, last_stream_id:5, additional_data:None>

The above exception was the direct cause of the following exception:

Traceback (most recent call last):
  File "C:\Users\G L  B\Desktop\VIVENT-FINAL-REPO\Vivent-Backend\Vivent\lib\site-packages\uvicorn\protocols\http\httptools_impl.py", line 421, in run_asgi
    result = await app(  # type: ignore[func-returns-value]
  File "C:\Users\G L  B\Desktop\VIVENT-FINAL-REPO\Vivent-Backend\Vivent\lib\site-packages\uvicorn\middleware\proxy_headers.py", line 56, in __call__
    return await self.app(scope, receive, send)
  File "C:\Users\G L  B\Desktop\VIVENT-FINAL-REPO\Vivent-Backend\Vivent\lib\site-packages\fastapi\applications.py", line 1159, in __call__
    await super().__call__(scope, receive, send)
  File "C:\Users\G L  B\Desktop\VIVENT-FINAL-REPO\Vivent-Backend\Vivent\lib\site-packages\starlette\applications.py", line 90, in __call__
    await self.middleware_stack(scope, receive, send)
  File "C:\Users\G L  B\Desktop\VIVENT-FINAL-REPO\Vivent-Backend\Vivent\lib\site-packages\starlette\middleware\errors.py", line 186, in __call__
    raise exc
  File "C:\Users\G L  B\Desktop\VIVENT-FINAL-REPO\Vivent-Backend\Vivent\lib\site-packages\starlette\middleware\errors.py", line 164, in __call__
    await self.app(scope, receive, _send)
  File "C:\Users\G L  B\Desktop\VIVENT-FINAL-REPO\Vivent-Backend\Vivent\lib\site-packages\starlette\middleware\cors.py", line 96, in __call__
    await self.simple_response(scope, receive, send, request_headers=headers)
  File "C:\Users\G L  B\Desktop\VIVENT-FINAL-REPO\Vivent-Backend\Vivent\lib\site-packages\starlette\middleware\cors.py", line 154, in simple_response
    await self.app(scope, receive, send)
  File "C:\Users\G L  B\Desktop\VIVENT-FINAL-REPO\Vivent-Backend\Vivent\lib\site-packages\starlette\middleware\exceptions.py", line 63, in __call__
    await wrap_app_handling_exceptions(self.app, conn)(scope, receive, send)
  File "C:\Users\G L  B\Desktop\VIVENT-FINAL-REPO\Vivent-Backend\Vivent\lib\site-packages\starlette\_exception_handler.py", line 53, in wrapped_app
    raise exc
  File "C:\Users\G L  B\Desktop\VIVENT-FINAL-REPO\Vivent-Backend\Vivent\lib\site-packages\starlette\_exception_handler.py", line 42, in wrapped_app
    await app(scope, receive, sender)
  File "C:\Users\G L  B\Desktop\VIVENT-FINAL-REPO\Vivent-Backend\Vivent\lib\site-packages\fastapi\middleware\asyncexitstack.py", line 18, in __call__
    await self.app(scope, receive, send)
  File "C:\Users\G L  B\Desktop\VIVENT-FINAL-REPO\Vivent-Backend\Vivent\lib\site-packages\starlette\routing.py", line 660, in __call__
    await self.middleware_stack(scope, receive, send)
  File "C:\Users\G L  B\Desktop\VIVENT-FINAL-REPO\Vivent-Backend\Vivent\lib\site-packages\starlette\routing.py", line 680, in app
    await route.handle(scope, receive, send)
  File "C:\Users\G L  B\Desktop\VIVENT-FINAL-REPO\Vivent-Backend\Vivent\lib\site-packages\starlette\routing.py", line 276, in handle
    await self.app(scope, receive, send)
  File "C:\Users\G L  B\Desktop\VIVENT-FINAL-REPO\Vivent-Backend\Vivent\lib\site-packages\fastapi\routing.py", line 134, in app
    await wrap_app_handling_exceptions(app, request)(scope, receive, send)
  File "C:\Users\G L  B\Desktop\VIVENT-FINAL-REPO\Vivent-Backend\Vivent\lib\site-packages\starlette\_exception_handler.py", line 53, in wrapped_app
    raise exc
  File "C:\Users\G L  B\Desktop\VIVENT-FINAL-REPO\Vivent-Backend\Vivent\lib\site-packages\starlette\_exception_handler.py", line 42, in wrapped_app
    await app(scope, receive, sender)
  File "C:\Users\G L  B\Desktop\VIVENT-FINAL-REPO\Vivent-Backend\Vivent\lib\site-packages\fastapi\routing.py", line 120, in app
    response = await f(request)
  File "C:\Users\G L  B\Desktop\VIVENT-FINAL-REPO\Vivent-Backend\Vivent\lib\site-packages\fastapi\routing.py", line 457, in app
    solved_result = await solve_dependencies(
  File "C:\Users\G L  B\Desktop\VIVENT-FINAL-REPO\Vivent-Backend\Vivent\lib\site-packages\fastapi\dependencies\utils.py", line 649, in solve_dependencies
    solved_result = await solve_dependencies(
  File "C:\Users\G L  B\Desktop\VIVENT-FINAL-REPO\Vivent-Backend\Vivent\lib\site-packages\fastapi\dependencies\utils.py", line 680, in solve_dependencies
    solved = await run_in_threadpool(call, **solved_result.values)
  File "C:\Users\G L  B\Desktop\VIVENT-FINAL-REPO\Vivent-Backend\Vivent\lib\site-packages\starlette\concurrency.py", line 32, in run_in_threadpool
    return await anyio.to_thread.run_sync(func)
  File "C:\Users\G L  B\Desktop\VIVENT-FINAL-REPO\Vivent-Backend\Vivent\lib\site-packages\anyio\to_thread.py", line 63, in run_sync
    return await get_async_backend().run_sync_in_worker_thread(
  File "C:\Users\G L  B\Desktop\VIVENT-FINAL-REPO\Vivent-Backend\Vivent\lib\site-packages\anyio\_backends\_asyncio.py", line 2518, in run_sync_in_worker_thread
    return await future
  File "C:\Users\G L  B\Desktop\VIVENT-FINAL-REPO\Vivent-Backend\Vivent\lib\site-packages\anyio\_backends\_asyncio.py", line 1002, in run
    result = context.run(func, *args)
  File "C:\Users\G L  B\Desktop\VIVENT-FINAL-REPO\Vivent-Backend\dependencies.py", line 71, in get_current_user
    user = _lookup_user_by_token_payload(payload)
  File "C:\Users\G L  B\Desktop\VIVENT-FINAL-REPO\Vivent-Backend\dependencies.py", line 27, in _lookup_user_by_token_payload
    response = supabase.table("users").select("*").eq("id", user_id).limit(1).execute()
  File "C:\Users\G L  B\Desktop\VIVENT-FINAL-REPO\Vivent-Backend\Vivent\lib\site-packages\postgrest\_sync\request_builder.py", line 78, in execute
    r = send_with_retry(self.request)
  File "C:\Users\G L  B\Desktop\VIVENT-FINAL-REPO\Vivent-Backend\Vivent\lib\site-packages\postgrest\_sync\request_builder.py", line 50, in send_with_retry
    resp = req.send(headers)
  File "C:\Users\G L  B\Desktop\VIVENT-FINAL-REPO\Vivent-Backend\Vivent\lib\site-packages\postgrest\base_request_builder.py", line 90, in send
    return self.session.request(
  File "C:\Users\G L  B\Desktop\VIVENT-FINAL-REPO\Vivent-Backend\Vivent\lib\site-packages\httpx\_client.py", line 825, in request
    return self.send(request, auth=auth, follow_redirects=follow_redirects)
  File "C:\Users\G L  B\Desktop\VIVENT-FINAL-REPO\Vivent-Backend\Vivent\lib\site-packages\httpx\_client.py", line 914, in send
    response = self._send_handling_auth(
  File "C:\Users\G L  B\Desktop\VIVENT-FINAL-REPO\Vivent-Backend\Vivent\lib\site-packages\httpx\_client.py", line 942, in _send_handling_auth
    response = self._send_handling_redirects(
  File "C:\Users\G L  B\Desktop\VIVENT-FINAL-REPO\Vivent-Backend\Vivent\lib\site-packages\httpx\_client.py", line 979, in _send_handling_redirects
    response = self._send_single_request(request)
  File "C:\Users\G L  B\Desktop\VIVENT-FINAL-REPO\Vivent-Backend\Vivent\lib\site-packages\httpx\_client.py", line 1014, in _send_single_request
    response = transport.handle_request(request)
  File "C:\Users\G L  B\Desktop\VIVENT-FINAL-REPO\Vivent-Backend\Vivent\lib\site-packages\httpx\_transports\default.py", line 249, in handle_request
    with map_httpcore_exceptions():
  File "C:\Users\G L  B\AppData\Local\Programs\Python\Python310\lib\contextlib.py", line 153, in __exit__
    self.gen.throw(typ, value, traceback)
  File "C:\Users\G L  B\Desktop\VIVENT-FINAL-REPO\Vivent-Backend\Vivent\lib\site-packages\httpx\_transports\default.py", line 118, in map_httpcore_exceptions
    raise mapped_exc(message) from exc
httpx.RemoteProtocolError: <ConnectionTerminated error_code:ErrorCodes.PROTOCOL_ERROR, last_stream_id:5, additional_data:None>
ERROR:    Exception in ASGI application
Traceback (most recent call last):
  File "C:\Users\G L  B\Desktop\VIVENT-FINAL-REPO\Vivent-Backend\Vivent\lib\site-packages\httpx\_transports\default.py", line 101, in map_httpcore_exceptions
    yield
  File "C:\Users\G L  B\Desktop\VIVENT-FINAL-REPO\Vivent-Backend\Vivent\lib\site-packages\httpx\_transports\default.py", line 250, in handle_request
    resp = self._pool.handle_request(req)
  File "C:\Users\G L  B\Desktop\VIVENT-FINAL-REPO\Vivent-Backend\Vivent\lib\site-packages\httpcore\_sync\connection_pool.py", line 256, in handle_request
    raise exc from None
  File "C:\Users\G L  B\Desktop\VIVENT-FINAL-REPO\Vivent-Backend\Vivent\lib\site-packages\httpcore\_sync\connection_pool.py", line 236, in handle_request
    response = connection.handle_request(
  File "C:\Users\G L  B\Desktop\VIVENT-FINAL-REPO\Vivent-Backend\Vivent\lib\site-packages\httpcore\_sync\connection.py", line 103, in handle_request
    return self._connection.handle_request(request)
  File "C:\Users\G L  B\Desktop\VIVENT-FINAL-REPO\Vivent-Backend\Vivent\lib\site-packages\httpcore\_sync\http2.py", line 187, in handle_request
    raise exc
  File "C:\Users\G L  B\Desktop\VIVENT-FINAL-REPO\Vivent-Backend\Vivent\lib\site-packages\httpcore\_sync\http2.py", line 150, in handle_request
    status, headers = self._receive_response(
  File "C:\Users\G L  B\Desktop\VIVENT-FINAL-REPO\Vivent-Backend\Vivent\lib\site-packages\httpcore\_sync\http2.py", line 294, in _receive_response
    event = self._receive_stream_event(request, stream_id)
  File "C:\Users\G L  B\Desktop\VIVENT-FINAL-REPO\Vivent-Backend\Vivent\lib\site-packages\httpcore\_sync\http2.py", line 336, in _receive_stream_event
    self._receive_events(request, stream_id)
  File "C:\Users\G L  B\Desktop\VIVENT-FINAL-REPO\Vivent-Backend\Vivent\lib\site-packages\httpcore\_sync\http2.py", line 355, in _receive_events
    raise RemoteProtocolError(self._connection_terminated)
httpcore.RemoteProtocolError: <ConnectionTerminated error_code:ErrorCodes.PROTOCOL_ERROR, last_stream_id:5, additional_data:None>

The above exception was the direct cause of the following exception:

Traceback (most recent call last):
  File "C:\Users\G L  B\Desktop\VIVENT-FINAL-REPO\Vivent-Backend\Vivent\lib\site-packages\uvicorn\protocols\http\httptools_impl.py", line 421, in run_asgi
    result = await app(  # type: ignore[func-returns-value]
  File "C:\Users\G L  B\Desktop\VIVENT-FINAL-REPO\Vivent-Backend\Vivent\lib\site-packages\uvicorn\middleware\proxy_headers.py", line 56, in __call__
    return await self.app(scope, receive, send)
  File "C:\Users\G L  B\Desktop\VIVENT-FINAL-REPO\Vivent-Backend\Vivent\lib\site-packages\fastapi\applications.py", line 1159, in __call__
    await super().__call__(scope, receive, send)
  File "C:\Users\G L  B\Desktop\VIVENT-FINAL-REPO\Vivent-Backend\Vivent\lib\site-packages\starlette\applications.py", line 90, in __call__
    await self.middleware_stack(scope, receive, send)
  File "C:\Users\G L  B\Desktop\VIVENT-FINAL-REPO\Vivent-Backend\Vivent\lib\site-packages\starlette\middleware\errors.py", line 186, in __call__
    raise exc
  File "C:\Users\G L  B\Desktop\VIVENT-FINAL-REPO\Vivent-Backend\Vivent\lib\site-packages\starlette\middleware\errors.py", line 164, in __call__
    await self.app(scope, receive, _send)
  File "C:\Users\G L  B\Desktop\VIVENT-FINAL-REPO\Vivent-Backend\Vivent\lib\site-packages\starlette\middleware\cors.py", line 96, in __call__
    await self.simple_response(scope, receive, send, request_headers=headers)
  File "C:\Users\G L  B\Desktop\VIVENT-FINAL-REPO\Vivent-Backend\Vivent\lib\site-packages\starlette\middleware\cors.py", line 154, in simple_response
    await self.app(scope, receive, send)
  File "C:\Users\G L  B\Desktop\VIVENT-FINAL-REPO\Vivent-Backend\Vivent\lib\site-packages\starlette\middleware\exceptions.py", line 63, in __call__
    await wrap_app_handling_exceptions(self.app, conn)(scope, receive, send)
  File "C:\Users\G L  B\Desktop\VIVENT-FINAL-REPO\Vivent-Backend\Vivent\lib\site-packages\starlette\_exception_handler.py", line 53, in wrapped_app
    raise exc
  File "C:\Users\G L  B\Desktop\VIVENT-FINAL-REPO\Vivent-Backend\Vivent\lib\site-packages\starlette\_exception_handler.py", line 42, in wrapped_app
    await app(scope, receive, sender)
  File "C:\Users\G L  B\Desktop\VIVENT-FINAL-REPO\Vivent-Backend\Vivent\lib\site-packages\fastapi\middleware\asyncexitstack.py", line 18, in __call__
    await self.app(scope, receive, send)
  File "C:\Users\G L  B\Desktop\VIVENT-FINAL-REPO\Vivent-Backend\Vivent\lib\site-packages\starlette\routing.py", line 660, in __call__
    await self.middleware_stack(scope, receive, send)
  File "C:\Users\G L  B\Desktop\VIVENT-FINAL-REPO\Vivent-Backend\Vivent\lib\site-packages\starlette\routing.py", line 680, in app
    await route.handle(scope, receive, send)
  File "C:\Users\G L  B\Desktop\VIVENT-FINAL-REPO\Vivent-Backend\Vivent\lib\site-packages\starlette\routing.py", line 276, in handle
    await self.app(scope, receive, send)
  File "C:\Users\G L  B\Desktop\VIVENT-FINAL-REPO\Vivent-Backend\Vivent\lib\site-packages\fastapi\routing.py", line 134, in app
    await wrap_app_handling_exceptions(app, request)(scope, receive, send)
  File "C:\Users\G L  B\Desktop\VIVENT-FINAL-REPO\Vivent-Backend\Vivent\lib\site-packages\starlette\_exception_handler.py", line 53, in wrapped_app
    raise exc
  File "C:\Users\G L  B\Desktop\VIVENT-FINAL-REPO\Vivent-Backend\Vivent\lib\site-packages\starlette\_exception_handler.py", line 42, in wrapped_app
    await app(scope, receive, sender)
  File "C:\Users\G L  B\Desktop\VIVENT-FINAL-REPO\Vivent-Backend\Vivent\lib\site-packages\fastapi\routing.py", line 120, in app
    response = await f(request)
  File "C:\Users\G L  B\Desktop\VIVENT-FINAL-REPO\Vivent-Backend\Vivent\lib\site-packages\fastapi\routing.py", line 457, in app
    solved_result = await solve_dependencies(
  File "C:\Users\G L  B\Desktop\VIVENT-FINAL-REPO\Vivent-Backend\Vivent\lib\site-packages\fastapi\dependencies\utils.py", line 680, in solve_dependencies
    solved = await run_in_threadpool(call, **solved_result.values)
  File "C:\Users\G L  B\Desktop\VIVENT-FINAL-REPO\Vivent-Backend\Vivent\lib\site-packages\starlette\concurrency.py", line 32, in run_in_threadpool
    return await anyio.to_thread.run_sync(func)
  File "C:\Users\G L  B\Desktop\VIVENT-FINAL-REPO\Vivent-Backend\Vivent\lib\site-packages\anyio\to_thread.py", line 63, in run_sync
    return await get_async_backend().run_sync_in_worker_thread(
  File "C:\Users\G L  B\Desktop\VIVENT-FINAL-REPO\Vivent-Backend\Vivent\lib\site-packages\anyio\_backends\_asyncio.py", line 2518, in run_sync_in_worker_thread
    return await future
  File "C:\Users\G L  B\Desktop\VIVENT-FINAL-REPO\Vivent-Backend\Vivent\lib\site-packages\anyio\_backends\_asyncio.py", line 1002, in run
    result = context.run(func, *args)
  File "C:\Users\G L  B\Desktop\VIVENT-FINAL-REPO\Vivent-Backend\dependencies.py", line 71, in get_current_user
    user = _lookup_user_by_token_payload(payload)
  File "C:\Users\G L  B\Desktop\VIVENT-FINAL-REPO\Vivent-Backend\dependencies.py", line 27, in _lookup_user_by_token_payload
    response = supabase.table("users").select("*").eq("id", user_id).limit(1).execute()
  File "C:\Users\G L  B\Desktop\VIVENT-FINAL-REPO\Vivent-Backend\Vivent\lib\site-packages\postgrest\_sync\request_builder.py", line 78, in execute
    r = send_with_retry(self.request)
  File "C:\Users\G L  B\Desktop\VIVENT-FINAL-REPO\Vivent-Backend\Vivent\lib\site-packages\postgrest\_sync\request_builder.py", line 50, in send_with_retry
    resp = req.send(headers)
  File "C:\Users\G L  B\Desktop\VIVENT-FINAL-REPO\Vivent-Backend\Vivent\lib\site-packages\postgrest\base_request_builder.py", line 90, in send
    return self.session.request(
  File "C:\Users\G L  B\Desktop\VIVENT-FINAL-REPO\Vivent-Backend\Vivent\lib\site-packages\httpx\_client.py", line 825, in request
    return self.send(request, auth=auth, follow_redirects=follow_redirects)
  File "C:\Users\G L  B\Desktop\VIVENT-FINAL-REPO\Vivent-Backend\Vivent\lib\site-packages\httpx\_client.py", line 914, in send
    response = self._send_handling_auth(
  File "C:\Users\G L  B\Desktop\VIVENT-FINAL-REPO\Vivent-Backend\Vivent\lib\site-packages\httpx\_client.py", line 942, in _send_handling_auth
    response = self._send_handling_redirects(
  File "C:\Users\G L  B\Desktop\VIVENT-FINAL-REPO\Vivent-Backend\Vivent\lib\site-packages\httpx\_client.py", line 979, in _send_handling_redirects
    response = self._send_single_request(request)
  File "C:\Users\G L  B\Desktop\VIVENT-FINAL-REPO\Vivent-Backend\Vivent\lib\site-packages\httpx\_client.py", line 1014, in _send_single_request
    response = transport.handle_request(request)
  File "C:\Users\G L  B\Desktop\VIVENT-FINAL-REPO\Vivent-Backend\Vivent\lib\site-packages\httpx\_transports\default.py", line 249, in handle_request
    with map_httpcore_exceptions():
  File "C:\Users\G L  B\AppData\Local\Programs\Python\Python310\lib\contextlib.py", line 153, in __exit__
    self.gen.throw(typ, value, traceback)
  File "C:\Users\G L  B\Desktop\VIVENT-FINAL-REPO\Vivent-Backend\Vivent\lib\site-packages\httpx\_transports\default.py", line 118, in map_httpcore_exceptions
    raise mapped_exc(message) from exc
httpx.RemoteProtocolError: <ConnectionTerminated error_code:ErrorCodes.PROTOCOL_ERROR, last_stream_id:5, additional_data:None>
ERROR:    Exception in ASGI application
Traceback (most recent call last):
  File "C:\Users\G L  B\Desktop\VIVENT-FINAL-REPO\Vivent-Backend\Vivent\lib\site-packages\httpx\_transports\default.py", line 101, in map_httpcore_exceptions
    yield
  File "C:\Users\G L  B\Desktop\VIVENT-FINAL-REPO\Vivent-Backend\Vivent\lib\site-packages\httpx\_transports\default.py", line 250, in handle_request
    resp = self._pool.handle_request(req)
  File "C:\Users\G L  B\Desktop\VIVENT-FINAL-REPO\Vivent-Backend\Vivent\lib\site-packages\httpcore\_sync\connection_pool.py", line 256, in handle_request
    raise exc from None
  File "C:\Users\G L  B\Desktop\VIVENT-FINAL-REPO\Vivent-Backend\Vivent\lib\site-packages\httpcore\_sync\connection_pool.py", line 236, in handle_request
    response = connection.handle_request(
  File "C:\Users\G L  B\Desktop\VIVENT-FINAL-REPO\Vivent-Backend\Vivent\lib\site-packages\httpcore\_sync\connection.py", line 103, in handle_request
    return self._connection.handle_request(request)
  File "C:\Users\G L  B\Desktop\VIVENT-FINAL-REPO\Vivent-Backend\Vivent\lib\site-packages\httpcore\_sync\http2.py", line 187, in handle_request
    raise exc
  File "C:\Users\G L  B\Desktop\VIVENT-FINAL-REPO\Vivent-Backend\Vivent\lib\site-packages\httpcore\_sync\http2.py", line 150, in handle_request
    status, headers = self._receive_response(
  File "C:\Users\G L  B\Desktop\VIVENT-FINAL-REPO\Vivent-Backend\Vivent\lib\site-packages\httpcore\_sync\http2.py", line 294, in _receive_response
    event = self._receive_stream_event(request, stream_id)
  File "C:\Users\G L  B\Desktop\VIVENT-FINAL-REPO\Vivent-Backend\Vivent\lib\site-packages\httpcore\_sync\http2.py", line 336, in _receive_stream_event
    self._receive_events(request, stream_id)
  File "C:\Users\G L  B\Desktop\VIVENT-FINAL-REPO\Vivent-Backend\Vivent\lib\site-packages\httpcore\_sync\http2.py", line 355, in _receive_events
    raise RemoteProtocolError(self._connection_terminated)
httpcore.RemoteProtocolError: <ConnectionTerminated error_code:ErrorCodes.PROTOCOL_ERROR, last_stream_id:21, additional_data:None>

The above exception was the direct cause of the following exception:

Traceback (most recent call last):
  File "C:\Users\G L  B\Desktop\VIVENT-FINAL-REPO\Vivent-Backend\Vivent\lib\site-packages\uvicorn\protocols\http\httptools_impl.py", line 421, in run_asgi
    result = await app(  # type: ignore[func-returns-value]
  File "C:\Users\G L  B\Desktop\VIVENT-FINAL-REPO\Vivent-Backend\Vivent\lib\site-packages\uvicorn\middleware\proxy_headers.py", line 56, in __call__
    return await self.app(scope, receive, send)
  File "C:\Users\G L  B\Desktop\VIVENT-FINAL-REPO\Vivent-Backend\Vivent\lib\site-packages\fastapi\applications.py", line 1159, in __call__
    await super().__call__(scope, receive, send)
  File "C:\Users\G L  B\Desktop\VIVENT-FINAL-REPO\Vivent-Backend\Vivent\lib\site-packages\starlette\applications.py", line 90, in __call__
    await self.middleware_stack(scope, receive, send)
  File "C:\Users\G L  B\Desktop\VIVENT-FINAL-REPO\Vivent-Backend\Vivent\lib\site-packages\starlette\middleware\errors.py", line 186, in __call__
    raise exc
  File "C:\Users\G L  B\Desktop\VIVENT-FINAL-REPO\Vivent-Backend\Vivent\lib\site-packages\starlette\middleware\errors.py", line 164, in __call__
    await self.app(scope, receive, _send)
  File "C:\Users\G L  B\Desktop\VIVENT-FINAL-REPO\Vivent-Backend\Vivent\lib\site-packages\starlette\middleware\cors.py", line 96, in __call__
    await self.simple_response(scope, receive, send, request_headers=headers)
  File "C:\Users\G L  B\Desktop\VIVENT-FINAL-REPO\Vivent-Backend\Vivent\lib\site-packages\starlette\middleware\cors.py", line 154, in simple_response
    await self.app(scope, receive, send)
  File "C:\Users\G L  B\Desktop\VIVENT-FINAL-REPO\Vivent-Backend\Vivent\lib\site-packages\starlette\middleware\exceptions.py", line 63, in __call__
    await wrap_app_handling_exceptions(self.app, conn)(scope, receive, send)
  File "C:\Users\G L  B\Desktop\VIVENT-FINAL-REPO\Vivent-Backend\Vivent\lib\site-packages\starlette\_exception_handler.py", line 53, in wrapped_app
    raise exc
  File "C:\Users\G L  B\Desktop\VIVENT-FINAL-REPO\Vivent-Backend\Vivent\lib\site-packages\starlette\_exception_handler.py", line 42, in wrapped_app
    await app(scope, receive, sender)
  File "C:\Users\G L  B\Desktop\VIVENT-FINAL-REPO\Vivent-Backend\Vivent\lib\site-packages\fastapi\middleware\asyncexitstack.py", line 18, in __call__
    await self.app(scope, receive, send)
  File "C:\Users\G L  B\Desktop\VIVENT-FINAL-REPO\Vivent-Backend\Vivent\lib\site-packages\starlette\routing.py", line 660, in __call__
    await self.middleware_stack(scope, receive, send)
  File "C:\Users\G L  B\Desktop\VIVENT-FINAL-REPO\Vivent-Backend\Vivent\lib\site-packages\starlette\routing.py", line 680, in app
    await route.handle(scope, receive, send)
  File "C:\Users\G L  B\Desktop\VIVENT-FINAL-REPO\Vivent-Backend\Vivent\lib\site-packages\starlette\routing.py", line 276, in handle
    await self.app(scope, receive, send)
  File "C:\Users\G L  B\Desktop\VIVENT-FINAL-REPO\Vivent-Backend\Vivent\lib\site-packages\fastapi\routing.py", line 134, in app
    await wrap_app_handling_exceptions(app, request)(scope, receive, send)
  File "C:\Users\G L  B\Desktop\VIVENT-FINAL-REPO\Vivent-Backend\Vivent\lib\site-packages\starlette\_exception_handler.py", line 53, in wrapped_app
    raise exc
  File "C:\Users\G L  B\Desktop\VIVENT-FINAL-REPO\Vivent-Backend\Vivent\lib\site-packages\starlette\_exception_handler.py", line 42, in wrapped_app
    await app(scope, receive, sender)
  File "C:\Users\G L  B\Desktop\VIVENT-FINAL-REPO\Vivent-Backend\Vivent\lib\site-packages\fastapi\routing.py", line 120, in app
    response = await f(request)
  File "C:\Users\G L  B\Desktop\VIVENT-FINAL-REPO\Vivent-Backend\Vivent\lib\site-packages\fastapi\routing.py", line 674, in app
    raw_response = await run_endpoint_function(
  File "C:\Users\G L  B\Desktop\VIVENT-FINAL-REPO\Vivent-Backend\Vivent\lib\site-packages\fastapi\routing.py", line 330, in run_endpoint_function
    return await run_in_threadpool(dependant.call, **values)
  File "C:\Users\G L  B\Desktop\VIVENT-FINAL-REPO\Vivent-Backend\Vivent\lib\site-packages\starlette\concurrency.py", line 32, in run_in_threadpool
    return await anyio.to_thread.run_sync(func)
  File "C:\Users\G L  B\Desktop\VIVENT-FINAL-REPO\Vivent-Backend\Vivent\lib\site-packages\anyio\to_thread.py", line 63, in run_sync
    return await get_async_backend().run_sync_in_worker_thread(
  File "C:\Users\G L  B\Desktop\VIVENT-FINAL-REPO\Vivent-Backend\Vivent\lib\site-packages\anyio\_backends\_asyncio.py", line 2518, in run_sync_in_worker_thread
    return await future
  File "C:\Users\G L  B\Desktop\VIVENT-FINAL-REPO\Vivent-Backend\Vivent\lib\site-packages\anyio\_backends\_asyncio.py", line 1002, in run
    result = context.run(func, *args)
  File "C:\Users\G L  B\Desktop\VIVENT-FINAL-REPO\Vivent-Backend\routers\notifications.py", line 26, in list_notifications
    response = query.order("created_at", desc=True).range(offset, offset + limit - 1).execute()
  File "C:\Users\G L  B\Desktop\VIVENT-FINAL-REPO\Vivent-Backend\Vivent\lib\site-packages\postgrest\_sync\request_builder.py", line 78, in execute
    r = send_with_retry(self.request)
  File "C:\Users\G L  B\Desktop\VIVENT-FINAL-REPO\Vivent-Backend\Vivent\lib\site-packages\postgrest\_sync\request_builder.py", line 50, in send_with_retry
    resp = req.send(headers)
  File "C:\Users\G L  B\Desktop\VIVENT-FINAL-REPO\Vivent-Backend\Vivent\lib\site-packages\postgrest\base_request_builder.py", line 90, in send
    return self.session.request(
  File "C:\Users\G L  B\Desktop\VIVENT-FINAL-REPO\Vivent-Backend\Vivent\lib\site-packages\httpx\_client.py", line 825, in request
    return self.send(request, auth=auth, follow_redirects=follow_redirects)
  File "C:\Users\G L  B\Desktop\VIVENT-FINAL-REPO\Vivent-Backend\Vivent\lib\site-packages\httpx\_client.py", line 914, in send
    response = self._send_handling_auth(
  File "C:\Users\G L  B\Desktop\VIVENT-FINAL-REPO\Vivent-Backend\Vivent\lib\site-packages\httpx\_client.py", line 942, in _send_handling_auth
    response = self._send_handling_redirects(
  File "C:\Users\G L  B\Desktop\VIVENT-FINAL-REPO\Vivent-Backend\Vivent\lib\site-packages\httpx\_client.py", line 979, in _send_handling_redirects
    response = self._send_single_request(request)
  File "C:\Users\G L  B\Desktop\VIVENT-FINAL-REPO\Vivent-Backend\Vivent\lib\site-packages\httpx\_client.py", line 1014, in _send_single_request
    response = transport.handle_request(request)
  File "C:\Users\G L  B\Desktop\VIVENT-FINAL-REPO\Vivent-Backend\Vivent\lib\site-packages\httpx\_transports\default.py", line 249, in handle_request
    with map_httpcore_exceptions():
  File "C:\Users\G L  B\AppData\Local\Programs\Python\Python310\lib\contextlib.py", line 153, in __exit__
    self.gen.throw(typ, value, traceback)
  File "C:\Users\G L  B\Desktop\VIVENT-FINAL-REPO\Vivent-Backend\Vivent\lib\site-packages\httpx\_transports\default.py", line 118, in map_httpcore_exceptions
    raise mapped_exc(message) from exc
httpx.RemoteProtocolError: <ConnectionTerminated error_code:ErrorCodes.PROTOCOL_ERROR, last_stream_id:21, additional_data:None>
ERROR:    Exception in ASGI application
Traceback (most recent call last):
  File "C:\Users\G L  B\Desktop\VIVENT-FINAL-REPO\Vivent-Backend\Vivent\lib\site-packages\uvicorn\protocols\http\httptools_impl.py", line 421, in run_asgi
    result = await app(  # type: ignore[func-returns-value]
  File "C:\Users\G L  B\Desktop\VIVENT-FINAL-REPO\Vivent-Backend\Vivent\lib\site-packages\uvicorn\middleware\proxy_headers.py", line 56, in __call__
    return await self.app(scope, receive, send)
  File "C:\Users\G L  B\Desktop\VIVENT-FINAL-REPO\Vivent-Backend\Vivent\lib\site-packages\fastapi\applications.py", line 1159, in __call__
    await super().__call__(scope, receive, send)
  File "C:\Users\G L  B\Desktop\VIVENT-FINAL-REPO\Vivent-Backend\Vivent\lib\site-packages\starlette\applications.py", line 90, in __call__
    await self.middleware_stack(scope, receive, send)
  File "C:\Users\G L  B\Desktop\VIVENT-FINAL-REPO\Vivent-Backend\Vivent\lib\site-packages\starlette\middleware\errors.py", line 186, in __call__
    raise exc
  File "C:\Users\G L  B\Desktop\VIVENT-FINAL-REPO\Vivent-Backend\Vivent\lib\site-packages\starlette\middleware\errors.py", line 164, in __call__
    await self.app(scope, receive, _send)
  File "C:\Users\G L  B\Desktop\VIVENT-FINAL-REPO\Vivent-Backend\Vivent\lib\site-packages\starlette\middleware\cors.py", line 96, in __call__
    await self.simple_response(scope, receive, send, request_headers=headers)
  File "C:\Users\G L  B\Desktop\VIVENT-FINAL-REPO\Vivent-Backend\Vivent\lib\site-packages\starlette\middleware\cors.py", line 154, in simple_response
    await self.app(scope, receive, send)
  File "C:\Users\G L  B\Desktop\VIVENT-FINAL-REPO\Vivent-Backend\Vivent\lib\site-packages\starlette\middleware\exceptions.py", line 63, in __call__
    await wrap_app_handling_exceptions(self.app, conn)(scope, receive, send)
  File "C:\Users\G L  B\Desktop\VIVENT-FINAL-REPO\Vivent-Backend\Vivent\lib\site-packages\starlette\_exception_handler.py", line 53, in wrapped_app
    raise exc
  File "C:\Users\G L  B\Desktop\VIVENT-FINAL-REPO\Vivent-Backend\Vivent\lib\site-packages\starlette\_exception_handler.py", line 42, in wrapped_app
    await app(scope, receive, sender)
  File "C:\Users\G L  B\Desktop\VIVENT-FINAL-REPO\Vivent-Backend\Vivent\lib\site-packages\fastapi\middleware\asyncexitstack.py", line 18, in __call__
    await self.app(scope, receive, send)
  File "C:\Users\G L  B\Desktop\VIVENT-FINAL-REPO\Vivent-Backend\Vivent\lib\site-packages\starlette\routing.py", line 660, in __call__
    await self.middleware_stack(scope, receive, send)
  File "C:\Users\G L  B\Desktop\VIVENT-FINAL-REPO\Vivent-Backend\Vivent\lib\site-packages\starlette\routing.py", line 680, in app
    await route.handle(scope, receive, send)
  File "C:\Users\G L  B\Desktop\VIVENT-FINAL-REPO\Vivent-Backend\Vivent\lib\site-packages\starlette\routing.py", line 276, in handle
    await self.app(scope, receive, send)
  File "C:\Users\G L  B\Desktop\VIVENT-FINAL-REPO\Vivent-Backend\Vivent\lib\site-packages\fastapi\routing.py", line 134, in app
    await wrap_app_handling_exceptions(app, request)(scope, receive, send)
  File "C:\Users\G L  B\Desktop\VIVENT-FINAL-REPO\Vivent-Backend\Vivent\lib\site-packages\starlette\_exception_handler.py", line 53, in wrapped_app
    raise exc
  File "C:\Users\G L  B\Desktop\VIVENT-FINAL-REPO\Vivent-Backend\Vivent\lib\site-packages\starlette\_exception_handler.py", line 42, in wrapped_app
    await app(scope, receive, sender)
  File "C:\Users\G L  B\Desktop\VIVENT-FINAL-REPO\Vivent-Backend\Vivent\lib\site-packages\fastapi\routing.py", line 120, in app
    response = await f(request)
  File "C:\Users\G L  B\Desktop\VIVENT-FINAL-REPO\Vivent-Backend\Vivent\lib\site-packages\fastapi\routing.py", line 674, in app
    raw_response = await run_endpoint_function(
  File "C:\Users\G L  B\Desktop\VIVENT-FINAL-REPO\Vivent-Backend\Vivent\lib\site-packages\fastapi\routing.py", line 330, in run_endpoint_function
    return await run_in_threadpool(dependant.call, **values)
  File "C:\Users\G L  B\Desktop\VIVENT-FINAL-REPO\Vivent-Backend\Vivent\lib\site-packages\starlette\concurrency.py", line 32, in run_in_threadpool
    return await anyio.to_thread.run_sync(func)
  File "C:\Users\G L  B\Desktop\VIVENT-FINAL-REPO\Vivent-Backend\Vivent\lib\site-packages\anyio\to_thread.py", line 63, in run_sync
    return await get_async_backend().run_sync_in_worker_thread(
  File "C:\Users\G L  B\Desktop\VIVENT-FINAL-REPO\Vivent-Backend\Vivent\lib\site-packages\anyio\_backends\_asyncio.py", line 2518, in run_sync_in_worker_thread
    return await future
  File "C:\Users\G L  B\Desktop\VIVENT-FINAL-REPO\Vivent-Backend\Vivent\lib\site-packages\anyio\_backends\_asyncio.py", line 1002, in run
    result = context.run(func, *args)
  File "C:\Users\G L  B\Desktop\VIVENT-FINAL-REPO\Vivent-Backend\routers\campaigns.py", line 91, in campaign_detail
    campaign = _campaign_for_user(campaign_id, current_user)
  File "C:\Users\G L  B\Desktop\VIVENT-FINAL-REPO\Vivent-Backend\routers\campaigns.py", line 24, in _campaign_for_user
    campaign = get_row_or_404("campaigns", campaign_id)
  File "C:\Users\G L  B\Desktop\VIVENT-FINAL-REPO\Vivent-Backend\utils\helpers.py", line 58, in get_row_or_404
    response = supabase.table(table).select("*").eq("id", row_id).limit(1).execute()
  File "C:\Users\G L  B\Desktop\VIVENT-FINAL-REPO\Vivent-Backend\Vivent\lib\site-packages\postgrest\_sync\request_builder.py", line 78, in execute
    r = send_with_retry(self.request)
  File "C:\Users\G L  B\Desktop\VIVENT-FINAL-REPO\Vivent-Backend\Vivent\lib\site-packages\postgrest\_sync\request_builder.py", line 50, in send_with_retry
    resp = req.send(headers)
  File "C:\Users\G L  B\Desktop\VIVENT-FINAL-REPO\Vivent-Backend\Vivent\lib\site-packages\postgrest\base_request_builder.py", line 90, in send
    return self.session.request(
  File "C:\Users\G L  B\Desktop\VIVENT-FINAL-REPO\Vivent-Backend\Vivent\lib\site-packages\httpx\_client.py", line 825, in request
    return self.send(request, auth=auth, follow_redirects=follow_redirects)
  File "C:\Users\G L  B\Desktop\VIVENT-FINAL-REPO\Vivent-Backend\Vivent\lib\site-packages\httpx\_client.py", line 914, in send
    response = self._send_handling_auth(
  File "C:\Users\G L  B\Desktop\VIVENT-FINAL-REPO\Vivent-Backend\Vivent\lib\site-packages\httpx\_client.py", line 942, in _send_handling_auth
    response = self._send_handling_redirects(
  File "C:\Users\G L  B\Desktop\VIVENT-FINAL-REPO\Vivent-Backend\Vivent\lib\site-packages\httpx\_client.py", line 979, in _send_handling_redirects
    response = self._send_single_request(request)
  File "C:\Users\G L  B\Desktop\VIVENT-FINAL-REPO\Vivent-Backend\Vivent\lib\site-packages\httpx\_client.py", line 1014, in _send_single_request
    response = transport.handle_request(request)
  File "C:\Users\G L  B\Desktop\VIVENT-FINAL-REPO\Vivent-Backend\Vivent\lib\site-packages\httpx\_transports\default.py", line 250, in handle_request
    resp = self._pool.handle_request(req)
  File "C:\Users\G L  B\Desktop\VIVENT-FINAL-REPO\Vivent-Backend\Vivent\lib\site-packages\httpcore\_sync\connection_pool.py", line 256, in handle_request
    raise exc from None
  File "C:\Users\G L  B\Desktop\VIVENT-FINAL-REPO\Vivent-Backend\Vivent\lib\site-packages\httpcore\_sync\connection_pool.py", line 236, in handle_request
    response = connection.handle_request(
  File "C:\Users\G L  B\Desktop\VIVENT-FINAL-REPO\Vivent-Backend\Vivent\lib\site-packages\httpcore\_sync\connection.py", line 103, in handle_request
    return self._connection.handle_request(request)
  File "C:\Users\G L  B\Desktop\VIVENT-FINAL-REPO\Vivent-Backend\Vivent\lib\site-packages\httpcore\_sync\http2.py", line 169, in handle_request
    self._response_closed(stream_id=stream_id)
  File "C:\Users\G L  B\Desktop\VIVENT-FINAL-REPO\Vivent-Backend\Vivent\lib\site-packages\httpcore\_sync\http2.py", line 411, in _response_closed
    del self._events[stream_id]
KeyError: 21
ERROR:    Exception in ASGI application
Traceback (most recent call last):
  File "C:\Users\G L  B\Desktop\VIVENT-FINAL-REPO\Vivent-Backend\Vivent\lib\site-packages\httpx\_transports\default.py", line 101, in map_httpcore_exceptions
    yield
  File "C:\Users\G L  B\Desktop\VIVENT-FINAL-REPO\Vivent-Backend\Vivent\lib\site-packages\httpx\_transports\default.py", line 250, in handle_request
    resp = self._pool.handle_request(req)
  File "C:\Users\G L  B\Desktop\VIVENT-FINAL-REPO\Vivent-Backend\Vivent\lib\site-packages\httpcore\_sync\connection_pool.py", line 256, in handle_request
    raise exc from None
  File "C:\Users\G L  B\Desktop\VIVENT-FINAL-REPO\Vivent-Backend\Vivent\lib\site-packages\httpcore\_sync\connection_pool.py", line 236, in handle_request
    response = connection.handle_request(
  File "C:\Users\G L  B\Desktop\VIVENT-FINAL-REPO\Vivent-Backend\Vivent\lib\site-packages\httpcore\_sync\connection.py", line 103, in handle_request
    return self._connection.handle_request(request)
  File "C:\Users\G L  B\Desktop\VIVENT-FINAL-REPO\Vivent-Backend\Vivent\lib\site-packages\httpcore\_sync\http2.py", line 187, in handle_request
    raise exc
  File "C:\Users\G L  B\Desktop\VIVENT-FINAL-REPO\Vivent-Backend\Vivent\lib\site-packages\httpcore\_sync\http2.py", line 150, in handle_request
    status, headers = self._receive_response(
  File "C:\Users\G L  B\Desktop\VIVENT-FINAL-REPO\Vivent-Backend\Vivent\lib\site-packages\httpcore\_sync\http2.py", line 294, in _receive_response
    event = self._receive_stream_event(request, stream_id)
  File "C:\Users\G L  B\Desktop\VIVENT-FINAL-REPO\Vivent-Backend\Vivent\lib\site-packages\httpcore\_sync\http2.py", line 336, in _receive_stream_event
    self._receive_events(request, stream_id)
  File "C:\Users\G L  B\Desktop\VIVENT-FINAL-REPO\Vivent-Backend\Vivent\lib\site-packages\httpcore\_sync\http2.py", line 364, in _receive_events
    events = self._read_incoming_data(request)
  File "C:\Users\G L  B\Desktop\VIVENT-FINAL-REPO\Vivent-Backend\Vivent\lib\site-packages\httpcore\_sync\http2.py", line 438, in _read_incoming_data
    raise self._read_exception  # pragma: nocover
  File "C:\Users\G L  B\Desktop\VIVENT-FINAL-REPO\Vivent-Backend\Vivent\lib\site-packages\httpx\_transports\default.py", line 101, in map_httpcore_exceptions
    yield
  File "C:\Users\G L  B\Desktop\VIVENT-FINAL-REPO\Vivent-Backend\Vivent\lib\site-packages\httpx\_transports\default.py", line 250, in handle_request
    resp = self._pool.handle_request(req)
  File "C:\Users\G L  B\Desktop\VIVENT-FINAL-REPO\Vivent-Backend\Vivent\lib\site-packages\httpcore\_sync\connection_pool.py", line 256, in handle_request
    raise exc from None
  File "C:\Users\G L  B\Desktop\VIVENT-FINAL-REPO\Vivent-Backend\Vivent\lib\site-packages\httpcore\_sync\connection_pool.py", line 236, in handle_request
    response = connection.handle_request(
  File "C:\Users\G L  B\Desktop\VIVENT-FINAL-REPO\Vivent-Backend\Vivent\lib\site-packages\httpcore\_sync\connection.py", line 103, in handle_request
    return self._connection.handle_request(request)
  File "C:\Users\G L  B\Desktop\VIVENT-FINAL-REPO\Vivent-Backend\Vivent\lib\site-packages\httpcore\_sync\http2.py", line 187, in handle_request
    raise exc
  File "C:\Users\G L  B\Desktop\VIVENT-FINAL-REPO\Vivent-Backend\Vivent\lib\site-packages\httpcore\_sync\http2.py", line 150, in handle_request
    status, headers = self._receive_response(
  File "C:\Users\G L  B\Desktop\VIVENT-FINAL-REPO\Vivent-Backend\Vivent\lib\site-packages\httpcore\_sync\http2.py", line 294, in _receive_response
    event = self._receive_stream_event(request, stream_id)
  File "C:\Users\G L  B\Desktop\VIVENT-FINAL-REPO\Vivent-Backend\Vivent\lib\site-packages\httpcore\_sync\http2.py", line 336, in _receive_stream_event
    self._receive_events(request, stream_id)
  File "C:\Users\G L  B\Desktop\VIVENT-FINAL-REPO\Vivent-Backend\Vivent\lib\site-packages\httpcore\_sync\http2.py", line 364, in _receive_events
    events = self._read_incoming_data(request)
  File "C:\Users\G L  B\Desktop\VIVENT-FINAL-REPO\Vivent-Backend\Vivent\lib\site-packages\httpcore\_sync\http2.py", line 455, in _read_incoming_data
    raise exc
  File "C:\Users\G L  B\Desktop\VIVENT-FINAL-REPO\Vivent-Backend\Vivent\lib\site-packages\httpcore\_sync\http2.py", line 443, in _read_incoming_data
    raise RemoteProtocolError("Server disconnected")
httpcore.RemoteProtocolError: Server disconnected

The above exception was the direct cause of the following exception:

Traceback (most recent call last):
  File "C:\Users\G L  B\Desktop\VIVENT-FINAL-REPO\Vivent-Backend\Vivent\lib\site-packages\uvicorn\protocols\http\httptools_impl.py", line 421, in run_asgi
    result = await app(  # type: ignore[func-returns-value]
  File "C:\Users\G L  B\Desktop\VIVENT-FINAL-REPO\Vivent-Backend\Vivent\lib\site-packages\uvicorn\middleware\proxy_headers.py", line 56, in __call__
    return await self.app(scope, receive, send)
  File "C:\Users\G L  B\Desktop\VIVENT-FINAL-REPO\Vivent-Backend\Vivent\lib\site-packages\fastapi\applications.py", line 1159, in __call__
    await super().__call__(scope, receive, send)
  File "C:\Users\G L  B\Desktop\VIVENT-FINAL-REPO\Vivent-Backend\Vivent\lib\site-packages\starlette\applications.py", line 90, in __call__
    await self.middleware_stack(scope, receive, send)
  File "C:\Users\G L  B\Desktop\VIVENT-FINAL-REPO\Vivent-Backend\Vivent\lib\site-packages\starlette\middleware\errors.py", line 186, in __call__
    raise exc
  File "C:\Users\G L  B\Desktop\VIVENT-FINAL-REPO\Vivent-Backend\Vivent\lib\site-packages\starlette\middleware\errors.py", line 164, in __call__
    await self.app(scope, receive, _send)
  File "C:\Users\G L  B\Desktop\VIVENT-FINAL-REPO\Vivent-Backend\Vivent\lib\site-packages\starlette\middleware\cors.py", line 96, in __call__
    await self.simple_response(scope, receive, send, request_headers=headers)
  File "C:\Users\G L  B\Desktop\VIVENT-FINAL-REPO\Vivent-Backend\Vivent\lib\site-packages\starlette\middleware\cors.py", line 154, in simple_response
    await self.app(scope, receive, send)
  File "C:\Users\G L  B\Desktop\VIVENT-FINAL-REPO\Vivent-Backend\Vivent\lib\site-packages\starlette\middleware\exceptions.py", line 63, in __call__
    await wrap_app_handling_exceptions(self.app, conn)(scope, receive, send)
  File "C:\Users\G L  B\Desktop\VIVENT-FINAL-REPO\Vivent-Backend\Vivent\lib\site-packages\starlette\_exception_handler.py", line 53, in wrapped_app
    raise exc
  File "C:\Users\G L  B\Desktop\VIVENT-FINAL-REPO\Vivent-Backend\Vivent\lib\site-packages\starlette\_exception_handler.py", line 42, in wrapped_app
    await app(scope, receive, sender)
  File "C:\Users\G L  B\Desktop\VIVENT-FINAL-REPO\Vivent-Backend\Vivent\lib\site-packages\fastapi\middleware\asyncexitstack.py", line 18, in __call__
    await self.app(scope, receive, send)
  File "C:\Users\G L  B\Desktop\VIVENT-FINAL-REPO\Vivent-Backend\Vivent\lib\site-packages\starlette\routing.py", line 660, in __call__
    await self.middleware_stack(scope, receive, send)
  File "C:\Users\G L  B\Desktop\VIVENT-FINAL-REPO\Vivent-Backend\Vivent\lib\site-packages\starlette\routing.py", line 680, in app
    await route.handle(scope, receive, send)
  File "C:\Users\G L  B\Desktop\VIVENT-FINAL-REPO\Vivent-Backend\Vivent\lib\site-packages\starlette\routing.py", line 276, in handle
    await self.app(scope, receive, send)
  File "C:\Users\G L  B\Desktop\VIVENT-FINAL-REPO\Vivent-Backend\Vivent\lib\site-packages\fastapi\routing.py", line 134, in app
    await wrap_app_handling_exceptions(app, request)(scope, receive, send)
  File "C:\Users\G L  B\Desktop\VIVENT-FINAL-REPO\Vivent-Backend\Vivent\lib\site-packages\starlette\_exception_handler.py", line 53, in wrapped_app
    raise exc
  File "C:\Users\G L  B\Desktop\VIVENT-FINAL-REPO\Vivent-Backend\Vivent\lib\site-packages\starlette\_exception_handler.py", line 42, in wrapped_app
    await app(scope, receive, sender)
  File "C:\Users\G L  B\Desktop\VIVENT-FINAL-REPO\Vivent-Backend\Vivent\lib\site-packages\fastapi\routing.py", line 120, in app
    response = await f(request)
  File "C:\Users\G L  B\Desktop\VIVENT-FINAL-REPO\Vivent-Backend\Vivent\lib\site-packages\fastapi\routing.py", line 457, in app
    solved_result = await solve_dependencies(
  File "C:\Users\G L  B\Desktop\VIVENT-FINAL-REPO\Vivent-Backend\Vivent\lib\site-packages\fastapi\dependencies\utils.py", line 649, in solve_dependencies
    solved_result = await solve_dependencies(
  File "C:\Users\G L  B\Desktop\VIVENT-FINAL-REPO\Vivent-Backend\Vivent\lib\site-packages\fastapi\dependencies\utils.py", line 680, in solve_dependencies
    solved = await run_in_threadpool(call, **solved_result.values)
  File "C:\Users\G L  B\Desktop\VIVENT-FINAL-REPO\Vivent-Backend\Vivent\lib\site-packages\starlette\concurrency.py", line 32, in run_in_threadpool
    return await anyio.to_thread.run_sync(func)
  File "C:\Users\G L  B\Desktop\VIVENT-FINAL-REPO\Vivent-Backend\Vivent\lib\site-packages\anyio\to_thread.py", line 63, in run_sync
    return await get_async_backend().run_sync_in_worker_thread(
  File "C:\Users\G L  B\Desktop\VIVENT-FINAL-REPO\Vivent-Backend\Vivent\lib\site-packages\anyio\_backends\_asyncio.py", line 2518, in run_sync_in_worker_thread
    return await future
  File "C:\Users\G L  B\Desktop\VIVENT-FINAL-REPO\Vivent-Backend\Vivent\lib\site-packages\anyio\_backends\_asyncio.py", line 1002, in run
    result = context.run(func, *args)
  File "C:\Users\G L  B\Desktop\VIVENT-FINAL-REPO\Vivent-Backend\dependencies.py", line 71, in get_current_user
    user = _lookup_user_by_token_payload(payload)
  File "C:\Users\G L  B\Desktop\VIVENT-FINAL-REPO\Vivent-Backend\dependencies.py", line 27, in _lookup_user_by_token_payload
    response = supabase.table("users").select("*").eq("id", user_id).limit(1).execute()
  File "C:\Users\G L  B\Desktop\VIVENT-FINAL-REPO\Vivent-Backend\Vivent\lib\site-packages\postgrest\_sync\request_builder.py", line 78, in execute
    r = send_with_retry(self.request)
  File "C:\Users\G L  B\Desktop\VIVENT-FINAL-REPO\Vivent-Backend\Vivent\lib\site-packages\postgrest\_sync\request_builder.py", line 50, in send_with_retry
    resp = req.send(headers)
  File "C:\Users\G L  B\Desktop\VIVENT-FINAL-REPO\Vivent-Backend\Vivent\lib\site-packages\postgrest\base_request_builder.py", line 90, in send
    return self.session.request(
  File "C:\Users\G L  B\Desktop\VIVENT-FINAL-REPO\Vivent-Backend\Vivent\lib\site-packages\httpx\_client.py", line 825, in request
    return self.send(request, auth=auth, follow_redirects=follow_redirects)
  File "C:\Users\G L  B\Desktop\VIVENT-FINAL-REPO\Vivent-Backend\Vivent\lib\site-packages\httpx\_client.py", line 914, in send
    response = self._send_handling_auth(
  File "C:\Users\G L  B\Desktop\VIVENT-FINAL-REPO\Vivent-Backend\Vivent\lib\site-packages\httpx\_client.py", line 942, in _send_handling_auth
    response = self._send_handling_redirects(
  File "C:\Users\G L  B\Desktop\VIVENT-FINAL-REPO\Vivent-Backend\Vivent\lib\site-packages\httpx\_client.py", line 979, in _send_handling_redirects
    response = self._send_single_request(request)
  File "C:\Users\G L  B\Desktop\VIVENT-FINAL-REPO\Vivent-Backend\Vivent\lib\site-packages\httpx\_client.py", line 1014, in _send_single_request
    response = transport.handle_request(request)
  File "C:\Users\G L  B\Desktop\VIVENT-FINAL-REPO\Vivent-Backend\Vivent\lib\site-packages\httpx\_transports\default.py", line 249, in handle_request
    with map_httpcore_exceptions():
  File "C:\Users\G L  B\AppData\Local\Programs\Python\Python310\lib\contextlib.py", line 153, in __exit__
    self.gen.throw(typ, value, traceback)
  File "C:\Users\G L  B\Desktop\VIVENT-FINAL-REPO\Vivent-Backend\Vivent\lib\site-packages\httpx\_transports\default.py", line 118, in map_httpcore_exceptions
    raise mapped_exc(message) from exc
httpx.RemoteProtocolError: Server disconnected
ERROR:    Exception in ASGI application
Traceback (most recent call last):
  File "C:\Users\G L  B\Desktop\VIVENT-FINAL-REPO\Vivent-Backend\Vivent\lib\site-packages\httpx\_transports\default.py", line 101, in map_httpcore_exceptions
    yield
  File "C:\Users\G L  B\Desktop\VIVENT-FINAL-REPO\Vivent-Backend\Vivent\lib\site-packages\httpx\_transports\default.py", line 250, in handle_request
    resp = self._pool.handle_request(req)
  File "C:\Users\G L  B\Desktop\VIVENT-FINAL-REPO\Vivent-Backend\Vivent\lib\site-packages\httpcore\_sync\connection_pool.py", line 256, in handle_request
    raise exc from None
  File "C:\Users\G L  B\Desktop\VIVENT-FINAL-REPO\Vivent-Backend\Vivent\lib\site-packages\httpcore\_sync\connection_pool.py", line 236, in handle_request
    response = connection.handle_request(
  File "C:\Users\G L  B\Desktop\VIVENT-FINAL-REPO\Vivent-Backend\Vivent\lib\site-packages\httpcore\_sync\connection.py", line 103, in handle_request
    return self._connection.handle_request(request)
  File "C:\Users\G L  B\Desktop\VIVENT-FINAL-REPO\Vivent-Backend\Vivent\lib\site-packages\httpcore\_sync\http2.py", line 187, in handle_request
    raise exc
  File "C:\Users\G L  B\Desktop\VIVENT-FINAL-REPO\Vivent-Backend\Vivent\lib\site-packages\httpcore\_sync\http2.py", line 150, in handle_request
    status, headers = self._receive_response(
  File "C:\Users\G L  B\Desktop\VIVENT-FINAL-REPO\Vivent-Backend\Vivent\lib\site-packages\httpcore\_sync\http2.py", line 294, in _receive_response
    event = self._receive_stream_event(request, stream_id)
  File "C:\Users\G L  B\Desktop\VIVENT-FINAL-REPO\Vivent-Backend\Vivent\lib\site-packages\httpcore\_sync\http2.py", line 336, in _receive_stream_event
    self._receive_events(request, stream_id)
  File "C:\Users\G L  B\Desktop\VIVENT-FINAL-REPO\Vivent-Backend\Vivent\lib\site-packages\httpcore\_sync\http2.py", line 364, in _receive_events
    events = self._read_incoming_data(request)
  File "C:\Users\G L  B\Desktop\VIVENT-FINAL-REPO\Vivent-Backend\Vivent\lib\site-packages\httpcore\_sync\http2.py", line 438, in _read_incoming_data
    raise self._read_exception  # pragma: nocover
  File "C:\Users\G L  B\Desktop\VIVENT-FINAL-REPO\Vivent-Backend\Vivent\lib\site-packages\httpx\_transports\default.py", line 101, in map_httpcore_exceptions
    yield
  File "C:\Users\G L  B\Desktop\VIVENT-FINAL-REPO\Vivent-Backend\Vivent\lib\site-packages\httpx\_transports\default.py", line 250, in handle_request
    resp = self._pool.handle_request(req)
  File "C:\Users\G L  B\Desktop\VIVENT-FINAL-REPO\Vivent-Backend\Vivent\lib\site-packages\httpcore\_sync\connection_pool.py", line 256, in handle_request
    raise exc from None
  File "C:\Users\G L  B\Desktop\VIVENT-FINAL-REPO\Vivent-Backend\Vivent\lib\site-packages\httpcore\_sync\connection_pool.py", line 236, in handle_request
    response = connection.handle_request(
  File "C:\Users\G L  B\Desktop\VIVENT-FINAL-REPO\Vivent-Backend\Vivent\lib\site-packages\httpcore\_sync\connection.py", line 103, in handle_request
    return self._connection.handle_request(request)
  File "C:\Users\G L  B\Desktop\VIVENT-FINAL-REPO\Vivent-Backend\Vivent\lib\site-packages\httpcore\_sync\http2.py", line 187, in handle_request
    raise exc
  File "C:\Users\G L  B\Desktop\VIVENT-FINAL-REPO\Vivent-Backend\Vivent\lib\site-packages\httpcore\_sync\http2.py", line 150, in handle_request
    status, headers = self._receive_response(
  File "C:\Users\G L  B\Desktop\VIVENT-FINAL-REPO\Vivent-Backend\Vivent\lib\site-packages\httpcore\_sync\http2.py", line 294, in _receive_response
    event = self._receive_stream_event(request, stream_id)
  File "C:\Users\G L  B\Desktop\VIVENT-FINAL-REPO\Vivent-Backend\Vivent\lib\site-packages\httpcore\_sync\http2.py", line 336, in _receive_stream_event
    self._receive_events(request, stream_id)
  File "C:\Users\G L  B\Desktop\VIVENT-FINAL-REPO\Vivent-Backend\Vivent\lib\site-packages\httpcore\_sync\http2.py", line 364, in _receive_events
    events = self._read_incoming_data(request)
  File "C:\Users\G L  B\Desktop\VIVENT-FINAL-REPO\Vivent-Backend\Vivent\lib\site-packages\httpcore\_sync\http2.py", line 455, in _read_incoming_data
    raise exc
  File "C:\Users\G L  B\Desktop\VIVENT-FINAL-REPO\Vivent-Backend\Vivent\lib\site-packages\httpcore\_sync\http2.py", line 443, in _read_incoming_data
    raise RemoteProtocolError("Server disconnected")
httpcore.RemoteProtocolError: Server disconnected

The above exception was the direct cause of the following exception:

Traceback (most recent call last):
  File "C:\Users\G L  B\Desktop\VIVENT-FINAL-REPO\Vivent-Backend\Vivent\lib\site-packages\uvicorn\protocols\http\httptools_impl.py", line 421, in run_asgi
    result = await app(  # type: ignore[func-returns-value]
  File "C:\Users\G L  B\Desktop\VIVENT-FINAL-REPO\Vivent-Backend\Vivent\lib\site-packages\uvicorn\middleware\proxy_headers.py", line 56, in __call__
    return await self.app(scope, receive, send)
  File "C:\Users\G L  B\Desktop\VIVENT-FINAL-REPO\Vivent-Backend\Vivent\lib\site-packages\fastapi\applications.py", line 1159, in __call__
    await super().__call__(scope, receive, send)
  File "C:\Users\G L  B\Desktop\VIVENT-FINAL-REPO\Vivent-Backend\Vivent\lib\site-packages\starlette\applications.py", line 90, in __call__
    await self.middleware_stack(scope, receive, send)
  File "C:\Users\G L  B\Desktop\VIVENT-FINAL-REPO\Vivent-Backend\Vivent\lib\site-packages\starlette\middleware\errors.py", line 186, in __call__
    raise exc
  File "C:\Users\G L  B\Desktop\VIVENT-FINAL-REPO\Vivent-Backend\Vivent\lib\site-packages\starlette\middleware\errors.py", line 164, in __call__
    await self.app(scope, receive, _send)
  File "C:\Users\G L  B\Desktop\VIVENT-FINAL-REPO\Vivent-Backend\Vivent\lib\site-packages\starlette\middleware\cors.py", line 96, in __call__
    await self.simple_response(scope, receive, send, request_headers=headers)
  File "C:\Users\G L  B\Desktop\VIVENT-FINAL-REPO\Vivent-Backend\Vivent\lib\site-packages\starlette\middleware\cors.py", line 154, in simple_response
    await self.app(scope, receive, send)
  File "C:\Users\G L  B\Desktop\VIVENT-FINAL-REPO\Vivent-Backend\Vivent\lib\site-packages\starlette\middleware\exceptions.py", line 63, in __call__
    await wrap_app_handling_exceptions(self.app, conn)(scope, receive, send)
  File "C:\Users\G L  B\Desktop\VIVENT-FINAL-REPO\Vivent-Backend\Vivent\lib\site-packages\starlette\_exception_handler.py", line 53, in wrapped_app
    raise exc
  File "C:\Users\G L  B\Desktop\VIVENT-FINAL-REPO\Vivent-Backend\Vivent\lib\site-packages\starlette\_exception_handler.py", line 42, in wrapped_app
    await app(scope, receive, sender)
  File "C:\Users\G L  B\Desktop\VIVENT-FINAL-REPO\Vivent-Backend\Vivent\lib\site-packages\fastapi\middleware\asyncexitstack.py", line 18, in __call__
    await self.app(scope, receive, send)
  File "C:\Users\G L  B\Desktop\VIVENT-FINAL-REPO\Vivent-Backend\Vivent\lib\site-packages\starlette\routing.py", line 660, in __call__
    await self.middleware_stack(scope, receive, send)
  File "C:\Users\G L  B\Desktop\VIVENT-FINAL-REPO\Vivent-Backend\Vivent\lib\site-packages\starlette\routing.py", line 680, in app
    await route.handle(scope, receive, send)
  File "C:\Users\G L  B\Desktop\VIVENT-FINAL-REPO\Vivent-Backend\Vivent\lib\site-packages\starlette\routing.py", line 276, in handle
    await self.app(scope, receive, send)
  File "C:\Users\G L  B\Desktop\VIVENT-FINAL-REPO\Vivent-Backend\Vivent\lib\site-packages\fastapi\routing.py", line 134, in app
    await wrap_app_handling_exceptions(app, request)(scope, receive, send)
  File "C:\Users\G L  B\Desktop\VIVENT-FINAL-REPO\Vivent-Backend\Vivent\lib\site-packages\starlette\_exception_handler.py", line 53, in wrapped_app
    raise exc
  File "C:\Users\G L  B\Desktop\VIVENT-FINAL-REPO\Vivent-Backend\Vivent\lib\site-packages\starlette\_exception_handler.py", line 42, in wrapped_app
    await app(scope, receive, sender)
  File "C:\Users\G L  B\Desktop\VIVENT-FINAL-REPO\Vivent-Backend\Vivent\lib\site-packages\fastapi\routing.py", line 120, in app
    response = await f(request)
  File "C:\Users\G L  B\Desktop\VIVENT-FINAL-REPO\Vivent-Backend\Vivent\lib\site-packages\fastapi\routing.py", line 457, in app
    solved_result = await solve_dependencies(
  File "C:\Users\G L  B\Desktop\VIVENT-FINAL-REPO\Vivent-Backend\Vivent\lib\site-packages\fastapi\dependencies\utils.py", line 649, in solve_dependencies
    solved_result = await solve_dependencies(
  File "C:\Users\G L  B\Desktop\VIVENT-FINAL-REPO\Vivent-Backend\Vivent\lib\site-packages\fastapi\dependencies\utils.py", line 680, in solve_dependencies
    solved = await run_in_threadpool(call, **solved_result.values)
  File "C:\Users\G L  B\Desktop\VIVENT-FINAL-REPO\Vivent-Backend\Vivent\lib\site-packages\starlette\concurrency.py", line 32, in run_in_threadpool
    return await anyio.to_thread.run_sync(func)
  File "C:\Users\G L  B\Desktop\VIVENT-FINAL-REPO\Vivent-Backend\Vivent\lib\site-packages\anyio\to_thread.py", line 63, in run_sync
    return await get_async_backend().run_sync_in_worker_thread(
  File "C:\Users\G L  B\Desktop\VIVENT-FINAL-REPO\Vivent-Backend\Vivent\lib\site-packages\anyio\_backends\_asyncio.py", line 2518, in run_sync_in_worker_thread
    return await future
  File "C:\Users\G L  B\Desktop\VIVENT-FINAL-REPO\Vivent-Backend\Vivent\lib\site-packages\anyio\_backends\_asyncio.py", line 1002, in run
    result = context.run(func, *args)
  File "C:\Users\G L  B\Desktop\VIVENT-FINAL-REPO\Vivent-Backend\dependencies.py", line 71, in get_current_user
    user = _lookup_user_by_token_payload(payload)
  File "C:\Users\G L  B\Desktop\VIVENT-FINAL-REPO\Vivent-Backend\dependencies.py", line 27, in _lookup_user_by_token_payload
    response = supabase.table("users").select("*").eq("id", user_id).limit(1).execute()
  File "C:\Users\G L  B\Desktop\VIVENT-FINAL-REPO\Vivent-Backend\Vivent\lib\site-packages\postgrest\_sync\request_builder.py", line 78, in execute
    r = send_with_retry(self.request)
  File "C:\Users\G L  B\Desktop\VIVENT-FINAL-REPO\Vivent-Backend\Vivent\lib\site-packages\postgrest\_sync\request_builder.py", line 50, in send_with_retry
    resp = req.send(headers)
  File "C:\Users\G L  B\Desktop\VIVENT-FINAL-REPO\Vivent-Backend\Vivent\lib\site-packages\postgrest\base_request_builder.py", line 90, in send
    return self.session.request(
  File "C:\Users\G L  B\Desktop\VIVENT-FINAL-REPO\Vivent-Backend\Vivent\lib\site-packages\httpx\_client.py", line 825, in request
    return self.send(request, auth=auth, follow_redirects=follow_redirects)
  File "C:\Users\G L  B\Desktop\VIVENT-FINAL-REPO\Vivent-Backend\Vivent\lib\site-packages\httpx\_client.py", line 914, in send
    response = self._send_handling_auth(
  File "C:\Users\G L  B\Desktop\VIVENT-FINAL-REPO\Vivent-Backend\Vivent\lib\site-packages\httpx\_client.py", line 942, in _send_handling_auth
    response = self._send_handling_redirects(
  File "C:\Users\G L  B\Desktop\VIVENT-FINAL-REPO\Vivent-Backend\Vivent\lib\site-packages\httpx\_client.py", line 979, in _send_handling_redirects
    response = self._send_single_request(request)
  File "C:\Users\G L  B\Desktop\VIVENT-FINAL-REPO\Vivent-Backend\Vivent\lib\site-packages\httpx\_client.py", line 1014, in _send_single_request
    response = transport.handle_request(request)
  File "C:\Users\G L  B\Desktop\VIVENT-FINAL-REPO\Vivent-Backend\Vivent\lib\site-packages\httpx\_transports\default.py", line 249, in handle_request
    with map_httpcore_exceptions():
  File "C:\Users\G L  B\AppData\Local\Programs\Python\Python310\lib\contextlib.py", line 153, in __exit__
    self.gen.throw(typ, value, traceback)
  File "C:\Users\G L  B\Desktop\VIVENT-FINAL-REPO\Vivent-Backend\Vivent\lib\site-packages\httpx\_transports\default.py", line 118, in map_httpcore_exceptions
    raise mapped_exc(message) from exc
httpx.RemoteProtocolError: Server disconnected
ERROR:    Exception in ASGI application
Traceback (most recent call last):
  File "C:\Users\G L  B\Desktop\VIVENT-FINAL-REPO\Vivent-Backend\Vivent\lib\site-packages\httpx\_transports\default.py", line 101, in map_httpcore_exceptions
    yield
  File "C:\Users\G L  B\Desktop\VIVENT-FINAL-REPO\Vivent-Backend\Vivent\lib\site-packages\httpx\_transports\default.py", line 250, in handle_request
    resp = self._pool.handle_request(req)
  File "C:\Users\G L  B\Desktop\VIVENT-FINAL-REPO\Vivent-Backend\Vivent\lib\site-packages\httpcore\_sync\connection_pool.py", line 256, in handle_request
    raise exc from None
  File "C:\Users\G L  B\Desktop\VIVENT-FINAL-REPO\Vivent-Backend\Vivent\lib\site-packages\httpcore\_sync\connection_pool.py", line 236, in handle_request
    response = connection.handle_request(
  File "C:\Users\G L  B\Desktop\VIVENT-FINAL-REPO\Vivent-Backend\Vivent\lib\site-packages\httpcore\_sync\connection.py", line 103, in handle_request
    return self._connection.handle_request(request)
  File "C:\Users\G L  B\Desktop\VIVENT-FINAL-REPO\Vivent-Backend\Vivent\lib\site-packages\httpcore\_sync\http2.py", line 187, in handle_request
    raise exc
  File "C:\Users\G L  B\Desktop\VIVENT-FINAL-REPO\Vivent-Backend\Vivent\lib\site-packages\httpcore\_sync\http2.py", line 150, in handle_request
    status, headers = self._receive_response(
  File "C:\Users\G L  B\Desktop\VIVENT-FINAL-REPO\Vivent-Backend\Vivent\lib\site-packages\httpcore\_sync\http2.py", line 294, in _receive_response
    event = self._receive_stream_event(request, stream_id)
  File "C:\Users\G L  B\Desktop\VIVENT-FINAL-REPO\Vivent-Backend\Vivent\lib\site-packages\httpcore\_sync\http2.py", line 336, in _receive_stream_event
    self._receive_events(request, stream_id)
  File "C:\Users\G L  B\Desktop\VIVENT-FINAL-REPO\Vivent-Backend\Vivent\lib\site-packages\httpcore\_sync\http2.py", line 364, in _receive_events
    events = self._read_incoming_data(request)
  File "C:\Users\G L  B\Desktop\VIVENT-FINAL-REPO\Vivent-Backend\Vivent\lib\site-packages\httpcore\_sync\http2.py", line 438, in _read_incoming_data
    raise self._read_exception  # pragma: nocover
  File "C:\Users\G L  B\Desktop\VIVENT-FINAL-REPO\Vivent-Backend\Vivent\lib\site-packages\httpx\_transports\default.py", line 101, in map_httpcore_exceptions
    yield
  File "C:\Users\G L  B\Desktop\VIVENT-FINAL-REPO\Vivent-Backend\Vivent\lib\site-packages\httpx\_transports\default.py", line 250, in handle_request
    resp = self._pool.handle_request(req)
  File "C:\Users\G L  B\Desktop\VIVENT-FINAL-REPO\Vivent-Backend\Vivent\lib\site-packages\httpcore\_sync\connection_pool.py", line 256, in handle_request
    raise exc from None
  File "C:\Users\G L  B\Desktop\VIVENT-FINAL-REPO\Vivent-Backend\Vivent\lib\site-packages\httpcore\_sync\connection_pool.py", line 236, in handle_request
    response = connection.handle_request(
  File "C:\Users\G L  B\Desktop\VIVENT-FINAL-REPO\Vivent-Backend\Vivent\lib\site-packages\httpcore\_sync\connection.py", line 103, in handle_request
    return self._connection.handle_request(request)
  File "C:\Users\G L  B\Desktop\VIVENT-FINAL-REPO\Vivent-Backend\Vivent\lib\site-packages\httpcore\_sync\http2.py", line 187, in handle_request
    raise exc
  File "C:\Users\G L  B\Desktop\VIVENT-FINAL-REPO\Vivent-Backend\Vivent\lib\site-packages\httpcore\_sync\http2.py", line 150, in handle_request
    status, headers = self._receive_response(
  File "C:\Users\G L  B\Desktop\VIVENT-FINAL-REPO\Vivent-Backend\Vivent\lib\site-packages\httpcore\_sync\http2.py", line 294, in _receive_response
    event = self._receive_stream_event(request, stream_id)
  File "C:\Users\G L  B\Desktop\VIVENT-FINAL-REPO\Vivent-Backend\Vivent\lib\site-packages\httpcore\_sync\http2.py", line 336, in _receive_stream_event
    self._receive_events(request, stream_id)
  File "C:\Users\G L  B\Desktop\VIVENT-FINAL-REPO\Vivent-Backend\Vivent\lib\site-packages\httpcore\_sync\http2.py", line 364, in _receive_events
    events = self._read_incoming_data(request)
  File "C:\Users\G L  B\Desktop\VIVENT-FINAL-REPO\Vivent-Backend\Vivent\lib\site-packages\httpcore\_sync\http2.py", line 455, in _read_incoming_data
    raise exc
  File "C:\Users\G L  B\Desktop\VIVENT-FINAL-REPO\Vivent-Backend\Vivent\lib\site-packages\httpcore\_sync\http2.py", line 443, in _read_incoming_data
    raise RemoteProtocolError("Server disconnected")
httpcore.RemoteProtocolError: Server disconnected

The above exception was the direct cause of the following exception:

Traceback (most recent call last):
  File "C:\Users\G L  B\Desktop\VIVENT-FINAL-REPO\Vivent-Backend\Vivent\lib\site-packages\uvicorn\protocols\http\httptools_impl.py", line 421, in run_asgi
    result = await app(  # type: ignore[func-returns-value]
  File "C:\Users\G L  B\Desktop\VIVENT-FINAL-REPO\Vivent-Backend\Vivent\lib\site-packages\uvicorn\middleware\proxy_headers.py", line 56, in __call__
    return await self.app(scope, receive, send)
  File "C:\Users\G L  B\Desktop\VIVENT-FINAL-REPO\Vivent-Backend\Vivent\lib\site-packages\fastapi\applications.py", line 1159, in __call__
    await super().__call__(scope, receive, send)
  File "C:\Users\G L  B\Desktop\VIVENT-FINAL-REPO\Vivent-Backend\Vivent\lib\site-packages\starlette\applications.py", line 90, in __call__
    await self.middleware_stack(scope, receive, send)
  File "C:\Users\G L  B\Desktop\VIVENT-FINAL-REPO\Vivent-Backend\Vivent\lib\site-packages\starlette\middleware\errors.py", line 186, in __call__
    raise exc
  File "C:\Users\G L  B\Desktop\VIVENT-FINAL-REPO\Vivent-Backend\Vivent\lib\site-packages\starlette\middleware\errors.py", line 164, in __call__
    await self.app(scope, receive, _send)
  File "C:\Users\G L  B\Desktop\VIVENT-FINAL-REPO\Vivent-Backend\Vivent\lib\site-packages\starlette\middleware\cors.py", line 96, in __call__
    await self.simple_response(scope, receive, send, request_headers=headers)
  File "C:\Users\G L  B\Desktop\VIVENT-FINAL-REPO\Vivent-Backend\Vivent\lib\site-packages\starlette\middleware\cors.py", line 154, in simple_response
    await self.app(scope, receive, send)
  File "C:\Users\G L  B\Desktop\VIVENT-FINAL-REPO\Vivent-Backend\Vivent\lib\site-packages\starlette\middleware\exceptions.py", line 63, in __call__
    await wrap_app_handling_exceptions(self.app, conn)(scope, receive, send)
  File "C:\Users\G L  B\Desktop\VIVENT-FINAL-REPO\Vivent-Backend\Vivent\lib\site-packages\starlette\_exception_handler.py", line 53, in wrapped_app
    raise exc
  File "C:\Users\G L  B\Desktop\VIVENT-FINAL-REPO\Vivent-Backend\Vivent\lib\site-packages\starlette\_exception_handler.py", line 42, in wrapped_app
    await app(scope, receive, sender)
  File "C:\Users\G L  B\Desktop\VIVENT-FINAL-REPO\Vivent-Backend\Vivent\lib\site-packages\fastapi\middleware\asyncexitstack.py", line 18, in __call__
    await self.app(scope, receive, send)
  File "C:\Users\G L  B\Desktop\VIVENT-FINAL-REPO\Vivent-Backend\Vivent\lib\site-packages\starlette\routing.py", line 660, in __call__
    await self.middleware_stack(scope, receive, send)
  File "C:\Users\G L  B\Desktop\VIVENT-FINAL-REPO\Vivent-Backend\Vivent\lib\site-packages\starlette\routing.py", line 680, in app
    await route.handle(scope, receive, send)
  File "C:\Users\G L  B\Desktop\VIVENT-FINAL-REPO\Vivent-Backend\Vivent\lib\site-packages\starlette\routing.py", line 276, in handle
    await self.app(scope, receive, send)
  File "C:\Users\G L  B\Desktop\VIVENT-FINAL-REPO\Vivent-Backend\Vivent\lib\site-packages\fastapi\routing.py", line 134, in app
    await wrap_app_handling_exceptions(app, request)(scope, receive, send)
  File "C:\Users\G L  B\Desktop\VIVENT-FINAL-REPO\Vivent-Backend\Vivent\lib\site-packages\starlette\_exception_handler.py", line 53, in wrapped_app
    raise exc
  File "C:\Users\G L  B\Desktop\VIVENT-FINAL-REPO\Vivent-Backend\Vivent\lib\site-packages\starlette\_exception_handler.py", line 42, in wrapped_app
    await app(scope, receive, sender)
  File "C:\Users\G L  B\Desktop\VIVENT-FINAL-REPO\Vivent-Backend\Vivent\lib\site-packages\fastapi\routing.py", line 120, in app
    response = await f(request)
  File "C:\Users\G L  B\Desktop\VIVENT-FINAL-REPO\Vivent-Backend\Vivent\lib\site-packages\fastapi\routing.py", line 457, in app
    solved_result = await solve_dependencies(
  File "C:\Users\G L  B\Desktop\VIVENT-FINAL-REPO\Vivent-Backend\Vivent\lib\site-packages\fastapi\dependencies\utils.py", line 649, in solve_dependencies
    solved_result = await solve_dependencies(
  File "C:\Users\G L  B\Desktop\VIVENT-FINAL-REPO\Vivent-Backend\Vivent\lib\site-packages\fastapi\dependencies\utils.py", line 680, in solve_dependencies
    solved = await run_in_threadpool(call, **solved_result.values)
  File "C:\Users\G L  B\Desktop\VIVENT-FINAL-REPO\Vivent-Backend\Vivent\lib\site-packages\starlette\concurrency.py", line 32, in run_in_threadpool
    return await anyio.to_thread.run_sync(func)
  File "C:\Users\G L  B\Desktop\VIVENT-FINAL-REPO\Vivent-Backend\Vivent\lib\site-packages\anyio\to_thread.py", line 63, in run_sync
    return await get_async_backend().run_sync_in_worker_thread(
  File "C:\Users\G L  B\Desktop\VIVENT-FINAL-REPO\Vivent-Backend\Vivent\lib\site-packages\anyio\_backends\_asyncio.py", line 2518, in run_sync_in_worker_thread
    return await future
  File "C:\Users\G L  B\Desktop\VIVENT-FINAL-REPO\Vivent-Backend\Vivent\lib\site-packages\anyio\_backends\_asyncio.py", line 1002, in run
    result = context.run(func, *args)
  File "C:\Users\G L  B\Desktop\VIVENT-FINAL-REPO\Vivent-Backend\dependencies.py", line 71, in get_current_user
    user = _lookup_user_by_token_payload(payload)
  File "C:\Users\G L  B\Desktop\VIVENT-FINAL-REPO\Vivent-Backend\dependencies.py", line 27, in _lookup_user_by_token_payload
    response = supabase.table("users").select("*").eq("id", user_id).limit(1).execute()
  File "C:\Users\G L  B\Desktop\VIVENT-FINAL-REPO\Vivent-Backend\Vivent\lib\site-packages\postgrest\_sync\request_builder.py", line 78, in execute
    r = send_with_retry(self.request)
  File "C:\Users\G L  B\Desktop\VIVENT-FINAL-REPO\Vivent-Backend\Vivent\lib\site-packages\postgrest\_sync\request_builder.py", line 50, in send_with_retry
    resp = req.send(headers)
  File "C:\Users\G L  B\Desktop\VIVENT-FINAL-REPO\Vivent-Backend\Vivent\lib\site-packages\postgrest\base_request_builder.py", line 90, in send
    return self.session.request(
  File "C:\Users\G L  B\Desktop\VIVENT-FINAL-REPO\Vivent-Backend\Vivent\lib\site-packages\httpx\_client.py", line 825, in request
    return self.send(request, auth=auth, follow_redirects=follow_redirects)
  File "C:\Users\G L  B\Desktop\VIVENT-FINAL-REPO\Vivent-Backend\Vivent\lib\site-packages\httpx\_client.py", line 914, in send
    response = self._send_handling_auth(
  File "C:\Users\G L  B\Desktop\VIVENT-FINAL-REPO\Vivent-Backend\Vivent\lib\site-packages\httpx\_client.py", line 942, in _send_handling_auth
    response = self._send_handling_redirects(
  File "C:\Users\G L  B\Desktop\VIVENT-FINAL-REPO\Vivent-Backend\Vivent\lib\site-packages\httpx\_client.py", line 979, in _send_handling_redirects
    response = self._send_single_request(request)
  File "C:\Users\G L  B\Desktop\VIVENT-FINAL-REPO\Vivent-Backend\Vivent\lib\site-packages\httpx\_client.py", line 1014, in _send_single_request
    response = transport.handle_request(request)
  File "C:\Users\G L  B\Desktop\VIVENT-FINAL-REPO\Vivent-Backend\Vivent\lib\site-packages\httpx\_transports\default.py", line 249, in handle_request
    with map_httpcore_exceptions():
  File "C:\Users\G L  B\AppData\Local\Programs\Python\Python310\lib\contextlib.py", line 153, in __exit__
    self.gen.throw(typ, value, traceback)
  File "C:\Users\G L  B\Desktop\VIVENT-FINAL-REPO\Vivent-Backend\Vivent\lib\site-packages\httpx\_transports\default.py", line 118, in map_httpcore_exceptions
    raise mapped_exc(message) from exc
httpx.RemoteProtocolError: Server disconnected
ERROR:    Exception in ASGI application
Traceback (most recent call last):
  File "C:\Users\G L  B\Desktop\VIVENT-FINAL-REPO\Vivent-Backend\Vivent\lib\site-packages\httpx\_transports\default.py", line 101, in map_httpcore_exceptions
    yield
  File "C:\Users\G L  B\Desktop\VIVENT-FINAL-REPO\Vivent-Backend\Vivent\lib\site-packages\httpx\_transports\default.py", line 250, in handle_request
    resp = self._pool.handle_request(req)
  File "C:\Users\G L  B\Desktop\VIVENT-FINAL-REPO\Vivent-Backend\Vivent\lib\site-packages\httpcore\_sync\connection_pool.py", line 256, in handle_request
    raise exc from None
  File "C:\Users\G L  B\Desktop\VIVENT-FINAL-REPO\Vivent-Backend\Vivent\lib\site-packages\httpcore\_sync\connection_pool.py", line 236, in handle_request
    response = connection.handle_request(
  File "C:\Users\G L  B\Desktop\VIVENT-FINAL-REPO\Vivent-Backend\Vivent\lib\site-packages\httpcore\_sync\connection.py", line 103, in handle_request
    return self._connection.handle_request(request)
  File "C:\Users\G L  B\Desktop\VIVENT-FINAL-REPO\Vivent-Backend\Vivent\lib\site-packages\httpcore\_sync\http2.py", line 187, in handle_request
    raise exc
  File "C:\Users\G L  B\Desktop\VIVENT-FINAL-REPO\Vivent-Backend\Vivent\lib\site-packages\httpcore\_sync\http2.py", line 150, in handle_request
    status, headers = self._receive_response(
  File "C:\Users\G L  B\Desktop\VIVENT-FINAL-REPO\Vivent-Backend\Vivent\lib\site-packages\httpcore\_sync\http2.py", line 294, in _receive_response
    event = self._receive_stream_event(request, stream_id)
  File "C:\Users\G L  B\Desktop\VIVENT-FINAL-REPO\Vivent-Backend\Vivent\lib\site-packages\httpcore\_sync\http2.py", line 336, in _receive_stream_event
    self._receive_events(request, stream_id)
  File "C:\Users\G L  B\Desktop\VIVENT-FINAL-REPO\Vivent-Backend\Vivent\lib\site-packages\httpcore\_sync\http2.py", line 364, in _receive_events
    events = self._read_incoming_data(request)
  File "C:\Users\G L  B\Desktop\VIVENT-FINAL-REPO\Vivent-Backend\Vivent\lib\site-packages\httpcore\_sync\http2.py", line 438, in _read_incoming_data
    raise self._read_exception  # pragma: nocover
  File "C:\Users\G L  B\Desktop\VIVENT-FINAL-REPO\Vivent-Backend\Vivent\lib\site-packages\httpx\_transports\default.py", line 101, in map_httpcore_exceptions
    yield
  File "C:\Users\G L  B\Desktop\VIVENT-FINAL-REPO\Vivent-Backend\Vivent\lib\site-packages\httpx\_transports\default.py", line 250, in handle_request
    resp = self._pool.handle_request(req)
  File "C:\Users\G L  B\Desktop\VIVENT-FINAL-REPO\Vivent-Backend\Vivent\lib\site-packages\httpcore\_sync\connection_pool.py", line 256, in handle_request
    raise exc from None
  File "C:\Users\G L  B\Desktop\VIVENT-FINAL-REPO\Vivent-Backend\Vivent\lib\site-packages\httpcore\_sync\connection_pool.py", line 236, in handle_request
    response = connection.handle_request(
  File "C:\Users\G L  B\Desktop\VIVENT-FINAL-REPO\Vivent-Backend\Vivent\lib\site-packages\httpcore\_sync\connection.py", line 103, in handle_request
    return self._connection.handle_request(request)
  File "C:\Users\G L  B\Desktop\VIVENT-FINAL-REPO\Vivent-Backend\Vivent\lib\site-packages\httpcore\_sync\http2.py", line 187, in handle_request
    raise exc
  File "C:\Users\G L  B\Desktop\VIVENT-FINAL-REPO\Vivent-Backend\Vivent\lib\site-packages\httpcore\_sync\http2.py", line 150, in handle_request
    status, headers = self._receive_response(
  File "C:\Users\G L  B\Desktop\VIVENT-FINAL-REPO\Vivent-Backend\Vivent\lib\site-packages\httpcore\_sync\http2.py", line 294, in _receive_response
    event = self._receive_stream_event(request, stream_id)
  File "C:\Users\G L  B\Desktop\VIVENT-FINAL-REPO\Vivent-Backend\Vivent\lib\site-packages\httpcore\_sync\http2.py", line 336, in _receive_stream_event
    self._receive_events(request, stream_id)
  File "C:\Users\G L  B\Desktop\VIVENT-FINAL-REPO\Vivent-Backend\Vivent\lib\site-packages\httpcore\_sync\http2.py", line 364, in _receive_events
    events = self._read_incoming_data(request)
  File "C:\Users\G L  B\Desktop\VIVENT-FINAL-REPO\Vivent-Backend\Vivent\lib\site-packages\httpcore\_sync\http2.py", line 455, in _read_incoming_data
    raise exc
  File "C:\Users\G L  B\Desktop\VIVENT-FINAL-REPO\Vivent-Backend\Vivent\lib\site-packages\httpcore\_sync\http2.py", line 443, in _read_incoming_data
    raise RemoteProtocolError("Server disconnected")
httpcore.RemoteProtocolError: Server disconnected

The above exception was the direct cause of the following exception:

Traceback (most recent call last):
  File "C:\Users\G L  B\Desktop\VIVENT-FINAL-REPO\Vivent-Backend\Vivent\lib\site-packages\uvicorn\protocols\http\httptools_impl.py", line 421, in run_asgi
    result = await app(  # type: ignore[func-returns-value]
  File "C:\Users\G L  B\Desktop\VIVENT-FINAL-REPO\Vivent-Backend\Vivent\lib\site-packages\uvicorn\middleware\proxy_headers.py", line 56, in __call__
    return await self.app(scope, receive, send)
  File "C:\Users\G L  B\Desktop\VIVENT-FINAL-REPO\Vivent-Backend\Vivent\lib\site-packages\fastapi\applications.py", line 1159, in __call__
    await super().__call__(scope, receive, send)
  File "C:\Users\G L  B\Desktop\VIVENT-FINAL-REPO\Vivent-Backend\Vivent\lib\site-packages\starlette\applications.py", line 90, in __call__
    await self.middleware_stack(scope, receive, send)
  File "C:\Users\G L  B\Desktop\VIVENT-FINAL-REPO\Vivent-Backend\Vivent\lib\site-packages\starlette\middleware\errors.py", line 186, in __call__
    raise exc
  File "C:\Users\G L  B\Desktop\VIVENT-FINAL-REPO\Vivent-Backend\Vivent\lib\site-packages\starlette\middleware\errors.py", line 164, in __call__
    await self.app(scope, receive, _send)
  File "C:\Users\G L  B\Desktop\VIVENT-FINAL-REPO\Vivent-Backend\Vivent\lib\site-packages\starlette\middleware\cors.py", line 96, in __call__
    await self.simple_response(scope, receive, send, request_headers=headers)
  File "C:\Users\G L  B\Desktop\VIVENT-FINAL-REPO\Vivent-Backend\Vivent\lib\site-packages\starlette\middleware\cors.py", line 154, in simple_response
    await self.app(scope, receive, send)
  File "C:\Users\G L  B\Desktop\VIVENT-FINAL-REPO\Vivent-Backend\Vivent\lib\site-packages\starlette\middleware\exceptions.py", line 63, in __call__
    await wrap_app_handling_exceptions(self.app, conn)(scope, receive, send)
  File "C:\Users\G L  B\Desktop\VIVENT-FINAL-REPO\Vivent-Backend\Vivent\lib\site-packages\starlette\_exception_handler.py", line 53, in wrapped_app
    raise exc
  File "C:\Users\G L  B\Desktop\VIVENT-FINAL-REPO\Vivent-Backend\Vivent\lib\site-packages\starlette\_exception_handler.py", line 42, in wrapped_app
    await app(scope, receive, sender)
  File "C:\Users\G L  B\Desktop\VIVENT-FINAL-REPO\Vivent-Backend\Vivent\lib\site-packages\fastapi\middleware\asyncexitstack.py", line 18, in __call__
    await self.app(scope, receive, send)
  File "C:\Users\G L  B\Desktop\VIVENT-FINAL-REPO\Vivent-Backend\Vivent\lib\site-packages\starlette\routing.py", line 660, in __call__
    await self.middleware_stack(scope, receive, send)
  File "C:\Users\G L  B\Desktop\VIVENT-FINAL-REPO\Vivent-Backend\Vivent\lib\site-packages\starlette\routing.py", line 680, in app
    await route.handle(scope, receive, send)
  File "C:\Users\G L  B\Desktop\VIVENT-FINAL-REPO\Vivent-Backend\Vivent\lib\site-packages\starlette\routing.py", line 276, in handle
    await self.app(scope, receive, send)
  File "C:\Users\G L  B\Desktop\VIVENT-FINAL-REPO\Vivent-Backend\Vivent\lib\site-packages\fastapi\routing.py", line 134, in app
    await wrap_app_handling_exceptions(app, request)(scope, receive, send)
  File "C:\Users\G L  B\Desktop\VIVENT-FINAL-REPO\Vivent-Backend\Vivent\lib\site-packages\starlette\_exception_handler.py", line 53, in wrapped_app
    raise exc
  File "C:\Users\G L  B\Desktop\VIVENT-FINAL-REPO\Vivent-Backend\Vivent\lib\site-packages\starlette\_exception_handler.py", line 42, in wrapped_app
    await app(scope, receive, sender)
  File "C:\Users\G L  B\Desktop\VIVENT-FINAL-REPO\Vivent-Backend\Vivent\lib\site-packages\fastapi\routing.py", line 120, in app
    response = await f(request)
  File "C:\Users\G L  B\Desktop\VIVENT-FINAL-REPO\Vivent-Backend\Vivent\lib\site-packages\fastapi\routing.py", line 457, in app
    solved_result = await solve_dependencies(
  File "C:\Users\G L  B\Desktop\VIVENT-FINAL-REPO\Vivent-Backend\Vivent\lib\site-packages\fastapi\dependencies\utils.py", line 680, in solve_dependencies
    solved = await run_in_threadpool(call, **solved_result.values)
  File "C:\Users\G L  B\Desktop\VIVENT-FINAL-REPO\Vivent-Backend\Vivent\lib\site-packages\starlette\concurrency.py", line 32, in run_in_threadpool
    return await anyio.to_thread.run_sync(func)
  File "C:\Users\G L  B\Desktop\VIVENT-FINAL-REPO\Vivent-Backend\Vivent\lib\site-packages\anyio\to_thread.py", line 63, in run_sync
    return await get_async_backend().run_sync_in_worker_thread(
  File "C:\Users\G L  B\Desktop\VIVENT-FINAL-REPO\Vivent-Backend\Vivent\lib\site-packages\anyio\_backends\_asyncio.py", line 2518, in run_sync_in_worker_thread
    return await future
  File "C:\Users\G L  B\Desktop\VIVENT-FINAL-REPO\Vivent-Backend\Vivent\lib\site-packages\anyio\_backends\_asyncio.py", line 1002, in run
    result = context.run(func, *args)
  File "C:\Users\G L  B\Desktop\VIVENT-FINAL-REPO\Vivent-Backend\dependencies.py", line 71, in get_current_user
    user = _lookup_user_by_token_payload(payload)
  File "C:\Users\G L  B\Desktop\VIVENT-FINAL-REPO\Vivent-Backend\dependencies.py", line 27, in _lookup_user_by_token_payload
    response = supabase.table("users").select("*").eq("id", user_id).limit(1).execute()
  File "C:\Users\G L  B\Desktop\VIVENT-FINAL-REPO\Vivent-Backend\Vivent\lib\site-packages\postgrest\_sync\request_builder.py", line 78, in execute
    r = send_with_retry(self.request)
  File "C:\Users\G L  B\Desktop\VIVENT-FINAL-REPO\Vivent-Backend\Vivent\lib\site-packages\postgrest\_sync\request_builder.py", line 50, in send_with_retry
    resp = req.send(headers)
  File "C:\Users\G L  B\Desktop\VIVENT-FINAL-REPO\Vivent-Backend\Vivent\lib\site-packages\postgrest\base_request_builder.py", line 90, in send
    return self.session.request(
  File "C:\Users\G L  B\Desktop\VIVENT-FINAL-REPO\Vivent-Backend\Vivent\lib\site-packages\httpx\_client.py", line 825, in request
    return self.send(request, auth=auth, follow_redirects=follow_redirects)
  File "C:\Users\G L  B\Desktop\VIVENT-FINAL-REPO\Vivent-Backend\Vivent\lib\site-packages\httpx\_client.py", line 914, in send
    response = self._send_handling_auth(
  File "C:\Users\G L  B\Desktop\VIVENT-FINAL-REPO\Vivent-Backend\Vivent\lib\site-packages\httpx\_client.py", line 942, in _send_handling_auth
    response = self._send_handling_redirects(
  File "C:\Users\G L  B\Desktop\VIVENT-FINAL-REPO\Vivent-Backend\Vivent\lib\site-packages\httpx\_client.py", line 979, in _send_handling_redirects
    response = self._send_single_request(request)
  File "C:\Users\G L  B\Desktop\VIVENT-FINAL-REPO\Vivent-Backend\Vivent\lib\site-packages\httpx\_client.py", line 1014, in _send_single_request
    response = transport.handle_request(request)
  File "C:\Users\G L  B\Desktop\VIVENT-FINAL-REPO\Vivent-Backend\Vivent\lib\site-packages\httpx\_transports\default.py", line 249, in handle_request
    with map_httpcore_exceptions():
  File "C:\Users\G L  B\AppData\Local\Programs\Python\Python310\lib\contextlib.py", line 153, in __exit__
    self.gen.throw(typ, value, traceback)
  File "C:\Users\G L  B\Desktop\VIVENT-FINAL-REPO\Vivent-Backend\Vivent\lib\site-packages\httpx\_transports\default.py", line 118, in map_httpcore_exceptions
    raise mapped_exc(message) from exc
httpx.RemoteProtocolError: Server disconnected
ERROR:    Exception in ASGI application
Traceback (most recent call last):
  File "C:\Users\G L  B\Desktop\VIVENT-FINAL-REPO\Vivent-Backend\Vivent\lib\site-packages\httpx\_transports\default.py", line 101, in map_httpcore_exceptions
    yield
  File "C:\Users\G L  B\Desktop\VIVENT-FINAL-REPO\Vivent-Backend\Vivent\lib\site-packages\httpx\_transports\default.py", line 250, in handle_request
    resp = self._pool.handle_request(req)
  File "C:\Users\G L  B\Desktop\VIVENT-FINAL-REPO\Vivent-Backend\Vivent\lib\site-packages\httpcore\_sync\connection_pool.py", line 256, in handle_request
    raise exc from None
  File "C:\Users\G L  B\Desktop\VIVENT-FINAL-REPO\Vivent-Backend\Vivent\lib\site-packages\httpcore\_sync\connection_pool.py", line 236, in handle_request
    response = connection.handle_request(
  File "C:\Users\G L  B\Desktop\VIVENT-FINAL-REPO\Vivent-Backend\Vivent\lib\site-packages\httpcore\_sync\connection.py", line 103, in handle_request
    return self._connection.handle_request(request)
  File "C:\Users\G L  B\Desktop\VIVENT-FINAL-REPO\Vivent-Backend\Vivent\lib\site-packages\httpcore\_sync\http2.py", line 187, in handle_request
    raise exc
  File "C:\Users\G L  B\Desktop\VIVENT-FINAL-REPO\Vivent-Backend\Vivent\lib\site-packages\httpcore\_sync\http2.py", line 150, in handle_request
    status, headers = self._receive_response(
  File "C:\Users\G L  B\Desktop\VIVENT-FINAL-REPO\Vivent-Backend\Vivent\lib\site-packages\httpcore\_sync\http2.py", line 294, in _receive_response
    event = self._receive_stream_event(request, stream_id)
  File "C:\Users\G L  B\Desktop\VIVENT-FINAL-REPO\Vivent-Backend\Vivent\lib\site-packages\httpcore\_sync\http2.py", line 336, in _receive_stream_event
    self._receive_events(request, stream_id)
  File "C:\Users\G L  B\Desktop\VIVENT-FINAL-REPO\Vivent-Backend\Vivent\lib\site-packages\httpcore\_sync\http2.py", line 355, in _receive_events
    raise RemoteProtocolError(self._connection_terminated)
httpcore.RemoteProtocolError: <ConnectionTerminated error_code:ErrorCodes.PROTOCOL_ERROR, last_stream_id:35, additional_data:None>

The above exception was the direct cause of the following exception:

Traceback (most recent call last):
  File "C:\Users\G L  B\Desktop\VIVENT-FINAL-REPO\Vivent-Backend\Vivent\lib\site-packages\uvicorn\protocols\http\httptools_impl.py", line 421, in run_asgi
    result = await app(  # type: ignore[func-returns-value]
  File "C:\Users\G L  B\Desktop\VIVENT-FINAL-REPO\Vivent-Backend\Vivent\lib\site-packages\uvicorn\middleware\proxy_headers.py", line 56, in __call__
    return await self.app(scope, receive, send)
  File "C:\Users\G L  B\Desktop\VIVENT-FINAL-REPO\Vivent-Backend\Vivent\lib\site-packages\fastapi\applications.py", line 1159, in __call__
    await super().__call__(scope, receive, send)
  File "C:\Users\G L  B\Desktop\VIVENT-FINAL-REPO\Vivent-Backend\Vivent\lib\site-packages\starlette\applications.py", line 90, in __call__
    await self.middleware_stack(scope, receive, send)
  File "C:\Users\G L  B\Desktop\VIVENT-FINAL-REPO\Vivent-Backend\Vivent\lib\site-packages\starlette\middleware\errors.py", line 186, in __call__
    raise exc
  File "C:\Users\G L  B\Desktop\VIVENT-FINAL-REPO\Vivent-Backend\Vivent\lib\site-packages\starlette\middleware\errors.py", line 164, in __call__
    await self.app(scope, receive, _send)
  File "C:\Users\G L  B\Desktop\VIVENT-FINAL-REPO\Vivent-Backend\Vivent\lib\site-packages\starlette\middleware\cors.py", line 96, in __call__
    await self.simple_response(scope, receive, send, request_headers=headers)
  File "C:\Users\G L  B\Desktop\VIVENT-FINAL-REPO\Vivent-Backend\Vivent\lib\site-packages\starlette\middleware\cors.py", line 154, in simple_response
    await self.app(scope, receive, send)
  File "C:\Users\G L  B\Desktop\VIVENT-FINAL-REPO\Vivent-Backend\Vivent\lib\site-packages\starlette\middleware\exceptions.py", line 63, in __call__
    await wrap_app_handling_exceptions(self.app, conn)(scope, receive, send)
  File "C:\Users\G L  B\Desktop\VIVENT-FINAL-REPO\Vivent-Backend\Vivent\lib\site-packages\starlette\_exception_handler.py", line 53, in wrapped_app
    raise exc
  File "C:\Users\G L  B\Desktop\VIVENT-FINAL-REPO\Vivent-Backend\Vivent\lib\site-packages\starlette\_exception_handler.py", line 42, in wrapped_app
    await app(scope, receive, sender)
  File "C:\Users\G L  B\Desktop\VIVENT-FINAL-REPO\Vivent-Backend\Vivent\lib\site-packages\fastapi\middleware\asyncexitstack.py", line 18, in __call__
    await self.app(scope, receive, send)
  File "C:\Users\G L  B\Desktop\VIVENT-FINAL-REPO\Vivent-Backend\Vivent\lib\site-packages\starlette\routing.py", line 660, in __call__
    await self.middleware_stack(scope, receive, send)
  File "C:\Users\G L  B\Desktop\VIVENT-FINAL-REPO\Vivent-Backend\Vivent\lib\site-packages\starlette\routing.py", line 680, in app
    await route.handle(scope, receive, send)
  File "C:\Users\G L  B\Desktop\VIVENT-FINAL-REPO\Vivent-Backend\Vivent\lib\site-packages\starlette\routing.py", line 276, in handle
    await self.app(scope, receive, send)
  File "C:\Users\G L  B\Desktop\VIVENT-FINAL-REPO\Vivent-Backend\Vivent\lib\site-packages\fastapi\routing.py", line 134, in app
    await wrap_app_handling_exceptions(app, request)(scope, receive, send)
  File "C:\Users\G L  B\Desktop\VIVENT-FINAL-REPO\Vivent-Backend\Vivent\lib\site-packages\starlette\_exception_handler.py", line 53, in wrapped_app
    raise exc
  File "C:\Users\G L  B\Desktop\VIVENT-FINAL-REPO\Vivent-Backend\Vivent\lib\site-packages\starlette\_exception_handler.py", line 42, in wrapped_app
    await app(scope, receive, sender)
  File "C:\Users\G L  B\Desktop\VIVENT-FINAL-REPO\Vivent-Backend\Vivent\lib\site-packages\fastapi\routing.py", line 120, in app
    response = await f(request)
  File "C:\Users\G L  B\Desktop\VIVENT-FINAL-REPO\Vivent-Backend\Vivent\lib\site-packages\fastapi\routing.py", line 457, in app
    solved_result = await solve_dependencies(
  File "C:\Users\G L  B\Desktop\VIVENT-FINAL-REPO\Vivent-Backend\Vivent\lib\site-packages\fastapi\dependencies\utils.py", line 680, in solve_dependencies
    solved = await run_in_threadpool(call, **solved_result.values)
  File "C:\Users\G L  B\Desktop\VIVENT-FINAL-REPO\Vivent-Backend\Vivent\lib\site-packages\starlette\concurrency.py", line 32, in run_in_threadpool
    return await anyio.to_thread.run_sync(func)
  File "C:\Users\G L  B\Desktop\VIVENT-FINAL-REPO\Vivent-Backend\Vivent\lib\site-packages\anyio\to_thread.py", line 63, in run_sync
    return await get_async_backend().run_sync_in_worker_thread(
  File "C:\Users\G L  B\Desktop\VIVENT-FINAL-REPO\Vivent-Backend\Vivent\lib\site-packages\anyio\_backends\_asyncio.py", line 2518, in run_sync_in_worker_thread
    return await future
  File "C:\Users\G L  B\Desktop\VIVENT-FINAL-REPO\Vivent-Backend\Vivent\lib\site-packages\anyio\_backends\_asyncio.py", line 1002, in run
    result = context.run(func, *args)
  File "C:\Users\G L  B\Desktop\VIVENT-FINAL-REPO\Vivent-Backend\dependencies.py", line 71, in get_current_user
    user = _lookup_user_by_token_payload(payload)
  File "C:\Users\G L  B\Desktop\VIVENT-FINAL-REPO\Vivent-Backend\dependencies.py", line 27, in _lookup_user_by_token_payload
    response = supabase.table("users").select("*").eq("id", user_id).limit(1).execute()
  File "C:\Users\G L  B\Desktop\VIVENT-FINAL-REPO\Vivent-Backend\Vivent\lib\site-packages\postgrest\_sync\request_builder.py", line 78, in execute
    r = send_with_retry(self.request)
  File "C:\Users\G L  B\Desktop\VIVENT-FINAL-REPO\Vivent-Backend\Vivent\lib\site-packages\postgrest\_sync\request_builder.py", line 50, in send_with_retry
    resp = req.send(headers)
  File "C:\Users\G L  B\Desktop\VIVENT-FINAL-REPO\Vivent-Backend\Vivent\lib\site-packages\postgrest\base_request_builder.py", line 90, in send
    return self.session.request(
  File "C:\Users\G L  B\Desktop\VIVENT-FINAL-REPO\Vivent-Backend\Vivent\lib\site-packages\httpx\_client.py", line 825, in request
    return self.send(request, auth=auth, follow_redirects=follow_redirects)
  File "C:\Users\G L  B\Desktop\VIVENT-FINAL-REPO\Vivent-Backend\Vivent\lib\site-packages\httpx\_client.py", line 914, in send
    response = self._send_handling_auth(
  File "C:\Users\G L  B\Desktop\VIVENT-FINAL-REPO\Vivent-Backend\Vivent\lib\site-packages\httpx\_client.py", line 942, in _send_handling_auth
    response = self._send_handling_redirects(
  File "C:\Users\G L  B\Desktop\VIVENT-FINAL-REPO\Vivent-Backend\Vivent\lib\site-packages\httpx\_client.py", line 979, in _send_handling_redirects
    response = self._send_single_request(request)
  File "C:\Users\G L  B\Desktop\VIVENT-FINAL-REPO\Vivent-Backend\Vivent\lib\site-packages\httpx\_client.py", line 1014, in _send_single_request
    response = transport.handle_request(request)
  File "C:\Users\G L  B\Desktop\VIVENT-FINAL-REPO\Vivent-Backend\Vivent\lib\site-packages\httpx\_transports\default.py", line 249, in handle_request
    with map_httpcore_exceptions():
  File "C:\Users\G L  B\AppData\Local\Programs\Python\Python310\lib\contextlib.py", line 153, in __exit__
    self.gen.throw(typ, value, traceback)
  File "C:\Users\G L  B\Desktop\VIVENT-FINAL-REPO\Vivent-Backend\Vivent\lib\site-packages\httpx\_transports\default.py", line 118, in map_httpcore_exceptions
    raise mapped_exc(message) from exc
httpx.RemoteProtocolError: <ConnectionTerminated error_code:ErrorCodes.PROTOCOL_ERROR, last_stream_id:35, additional_data:None>
ERROR:    Exception in ASGI application
Traceback (most recent call last):
  File "C:\Users\G L  B\Desktop\VIVENT-FINAL-REPO\Vivent-Backend\Vivent\lib\site-packages\httpx\_transports\default.py", line 101, in map_httpcore_exceptions
    yield
  File "C:\Users\G L  B\Desktop\VIVENT-FINAL-REPO\Vivent-Backend\Vivent\lib\site-packages\httpx\_transports\default.py", line 250, in handle_request
    resp = self._pool.handle_request(req)
  File "C:\Users\G L  B\Desktop\VIVENT-FINAL-REPO\Vivent-Backend\Vivent\lib\site-packages\httpcore\_sync\connection_pool.py", line 256, in handle_request
    raise exc from None
  File "C:\Users\G L  B\Desktop\VIVENT-FINAL-REPO\Vivent-Backend\Vivent\lib\site-packages\httpcore\_sync\connection_pool.py", line 236, in handle_request
    response = connection.handle_request(
  File "C:\Users\G L  B\Desktop\VIVENT-FINAL-REPO\Vivent-Backend\Vivent\lib\site-packages\httpcore\_sync\connection.py", line 103, in handle_request
    return self._connection.handle_request(request)
  File "C:\Users\G L  B\Desktop\VIVENT-FINAL-REPO\Vivent-Backend\Vivent\lib\site-packages\httpcore\_sync\http2.py", line 187, in handle_request
    raise exc
  File "C:\Users\G L  B\Desktop\VIVENT-FINAL-REPO\Vivent-Backend\Vivent\lib\site-packages\httpcore\_sync\http2.py", line 150, in handle_request
    status, headers = self._receive_response(
  File "C:\Users\G L  B\Desktop\VIVENT-FINAL-REPO\Vivent-Backend\Vivent\lib\site-packages\httpcore\_sync\http2.py", line 294, in _receive_response
    event = self._receive_stream_event(request, stream_id)
  File "C:\Users\G L  B\Desktop\VIVENT-FINAL-REPO\Vivent-Backend\Vivent\lib\site-packages\httpcore\_sync\http2.py", line 336, in _receive_stream_event
    self._receive_events(request, stream_id)
  File "C:\Users\G L  B\Desktop\VIVENT-FINAL-REPO\Vivent-Backend\Vivent\lib\site-packages\httpcore\_sync\http2.py", line 355, in _receive_events
    raise RemoteProtocolError(self._connection_terminated)
httpcore.RemoteProtocolError: <ConnectionTerminated error_code:ErrorCodes.PROTOCOL_ERROR, last_stream_id:35, additional_data:None>

The above exception was the direct cause of the following exception:

Traceback (most recent call last):
  File "C:\Users\G L  B\Desktop\VIVENT-FINAL-REPO\Vivent-Backend\Vivent\lib\site-packages\uvicorn\protocols\http\httptools_impl.py", line 421, in run_asgi
    result = await app(  # type: ignore[func-returns-value]
  File "C:\Users\G L  B\Desktop\VIVENT-FINAL-REPO\Vivent-Backend\Vivent\lib\site-packages\uvicorn\middleware\proxy_headers.py", line 56, in __call__
    return await self.app(scope, receive, send)
  File "C:\Users\G L  B\Desktop\VIVENT-FINAL-REPO\Vivent-Backend\Vivent\lib\site-packages\fastapi\applications.py", line 1159, in __call__
    await super().__call__(scope, receive, send)
  File "C:\Users\G L  B\Desktop\VIVENT-FINAL-REPO\Vivent-Backend\Vivent\lib\site-packages\starlette\applications.py", line 90, in __call__
    await self.middleware_stack(scope, receive, send)
  File "C:\Users\G L  B\Desktop\VIVENT-FINAL-REPO\Vivent-Backend\Vivent\lib\site-packages\starlette\middleware\errors.py", line 186, in __call__
    raise exc
  File "C:\Users\G L  B\Desktop\VIVENT-FINAL-REPO\Vivent-Backend\Vivent\lib\site-packages\starlette\middleware\errors.py", line 164, in __call__
    await self.app(scope, receive, _send)
  File "C:\Users\G L  B\Desktop\VIVENT-FINAL-REPO\Vivent-Backend\Vivent\lib\site-packages\starlette\middleware\cors.py", line 96, in __call__
    await self.simple_response(scope, receive, send, request_headers=headers)
  File "C:\Users\G L  B\Desktop\VIVENT-FINAL-REPO\Vivent-Backend\Vivent\lib\site-packages\starlette\middleware\cors.py", line 154, in simple_response
    await self.app(scope, receive, send)
  File "C:\Users\G L  B\Desktop\VIVENT-FINAL-REPO\Vivent-Backend\Vivent\lib\site-packages\starlette\middleware\exceptions.py", line 63, in __call__
    await wrap_app_handling_exceptions(self.app, conn)(scope, receive, send)
  File "C:\Users\G L  B\Desktop\VIVENT-FINAL-REPO\Vivent-Backend\Vivent\lib\site-packages\starlette\_exception_handler.py", line 53, in wrapped_app
    raise exc
  File "C:\Users\G L  B\Desktop\VIVENT-FINAL-REPO\Vivent-Backend\Vivent\lib\site-packages\starlette\_exception_handler.py", line 42, in wrapped_app
    await app(scope, receive, sender)
  File "C:\Users\G L  B\Desktop\VIVENT-FINAL-REPO\Vivent-Backend\Vivent\lib\site-packages\fastapi\middleware\asyncexitstack.py", line 18, in __call__
    await self.app(scope, receive, send)
  File "C:\Users\G L  B\Desktop\VIVENT-FINAL-REPO\Vivent-Backend\Vivent\lib\site-packages\starlette\routing.py", line 660, in __call__
    await self.middleware_stack(scope, receive, send)
  File "C:\Users\G L  B\Desktop\VIVENT-FINAL-REPO\Vivent-Backend\Vivent\lib\site-packages\starlette\routing.py", line 680, in app
    await route.handle(scope, receive, send)
  File "C:\Users\G L  B\Desktop\VIVENT-FINAL-REPO\Vivent-Backend\Vivent\lib\site-packages\starlette\routing.py", line 276, in handle
    await self.app(scope, receive, send)
  File "C:\Users\G L  B\Desktop\VIVENT-FINAL-REPO\Vivent-Backend\Vivent\lib\site-packages\fastapi\routing.py", line 134, in app
    await wrap_app_handling_exceptions(app, request)(scope, receive, send)
  File "C:\Users\G L  B\Desktop\VIVENT-FINAL-REPO\Vivent-Backend\Vivent\lib\site-packages\starlette\_exception_handler.py", line 53, in wrapped_app
    raise exc
  File "C:\Users\G L  B\Desktop\VIVENT-FINAL-REPO\Vivent-Backend\Vivent\lib\site-packages\starlette\_exception_handler.py", line 42, in wrapped_app
    await app(scope, receive, sender)
  File "C:\Users\G L  B\Desktop\VIVENT-FINAL-REPO\Vivent-Backend\Vivent\lib\site-packages\fastapi\routing.py", line 120, in app
    response = await f(request)
  File "C:\Users\G L  B\Desktop\VIVENT-FINAL-REPO\Vivent-Backend\Vivent\lib\site-packages\fastapi\routing.py", line 457, in app
    solved_result = await solve_dependencies(
  File "C:\Users\G L  B\Desktop\VIVENT-FINAL-REPO\Vivent-Backend\Vivent\lib\site-packages\fastapi\dependencies\utils.py", line 680, in solve_dependencies
    solved = await run_in_threadpool(call, **solved_result.values)
  File "C:\Users\G L  B\Desktop\VIVENT-FINAL-REPO\Vivent-Backend\Vivent\lib\site-packages\starlette\concurrency.py", line 32, in run_in_threadpool
    return await anyio.to_thread.run_sync(func)
  File "C:\Users\G L  B\Desktop\VIVENT-FINAL-REPO\Vivent-Backend\Vivent\lib\site-packages\anyio\to_thread.py", line 63, in run_sync
    return await get_async_backend().run_sync_in_worker_thread(
  File "C:\Users\G L  B\Desktop\VIVENT-FINAL-REPO\Vivent-Backend\Vivent\lib\site-packages\anyio\_backends\_asyncio.py", line 2518, in run_sync_in_worker_thread
    return await future
  File "C:\Users\G L  B\Desktop\VIVENT-FINAL-REPO\Vivent-Backend\Vivent\lib\site-packages\anyio\_backends\_asyncio.py", line 1002, in run
    result = context.run(func, *args)
  File "C:\Users\G L  B\Desktop\VIVENT-FINAL-REPO\Vivent-Backend\dependencies.py", line 71, in get_current_user
    user = _lookup_user_by_token_payload(payload)
  File "C:\Users\G L  B\Desktop\VIVENT-FINAL-REPO\Vivent-Backend\dependencies.py", line 27, in _lookup_user_by_token_payload
    response = supabase.table("users").select("*").eq("id", user_id).limit(1).execute()
  File "C:\Users\G L  B\Desktop\VIVENT-FINAL-REPO\Vivent-Backend\Vivent\lib\site-packages\postgrest\_sync\request_builder.py", line 78, in execute
    r = send_with_retry(self.request)
  File "C:\Users\G L  B\Desktop\VIVENT-FINAL-REPO\Vivent-Backend\Vivent\lib\site-packages\postgrest\_sync\request_builder.py", line 50, in send_with_retry
    resp = req.send(headers)
  File "C:\Users\G L  B\Desktop\VIVENT-FINAL-REPO\Vivent-Backend\Vivent\lib\site-packages\postgrest\base_request_builder.py", line 90, in send
    return self.session.request(
  File "C:\Users\G L  B\Desktop\VIVENT-FINAL-REPO\Vivent-Backend\Vivent\lib\site-packages\httpx\_client.py", line 825, in request
    return self.send(request, auth=auth, follow_redirects=follow_redirects)
  File "C:\Users\G L  B\Desktop\VIVENT-FINAL-REPO\Vivent-Backend\Vivent\lib\site-packages\httpx\_client.py", line 914, in send
    response = self._send_handling_auth(
  File "C:\Users\G L  B\Desktop\VIVENT-FINAL-REPO\Vivent-Backend\Vivent\lib\site-packages\httpx\_client.py", line 942, in _send_handling_auth
    response = self._send_handling_redirects(
  File "C:\Users\G L  B\Desktop\VIVENT-FINAL-REPO\Vivent-Backend\Vivent\lib\site-packages\httpx\_client.py", line 979, in _send_handling_redirects
    response = self._send_single_request(request)
  File "C:\Users\G L  B\Desktop\VIVENT-FINAL-REPO\Vivent-Backend\Vivent\lib\site-packages\httpx\_client.py", line 1014, in _send_single_request
    response = transport.handle_request(request)
  File "C:\Users\G L  B\Desktop\VIVENT-FINAL-REPO\Vivent-Backend\Vivent\lib\site-packages\httpx\_transports\default.py", line 249, in handle_request
    with map_httpcore_exceptions():
  File "C:\Users\G L  B\AppData\Local\Programs\Python\Python310\lib\contextlib.py", line 153, in __exit__
    self.gen.throw(typ, value, traceback)
  File "C:\Users\G L  B\Desktop\VIVENT-FINAL-REPO\Vivent-Backend\Vivent\lib\site-packages\httpx\_transports\default.py", line 118, in map_httpcore_exceptions
    raise mapped_exc(message) from exc
httpx.RemoteProtocolError: <ConnectionTerminated error_code:ErrorCodes.PROTOCOL_ERROR, last_stream_id:35, additional_data:None>
ERROR:    Exception in ASGI application
Traceback (most recent call last):
  File "C:\Users\G L  B\Desktop\VIVENT-FINAL-REPO\Vivent-Backend\Vivent\lib\site-packages\uvicorn\protocols\http\httptools_impl.py", line 421, in run_asgi
    result = await app(  # type: ignore[func-returns-value]
  File "C:\Users\G L  B\Desktop\VIVENT-FINAL-REPO\Vivent-Backend\Vivent\lib\site-packages\uvicorn\middleware\proxy_headers.py", line 56, in __call__
    return await self.app(scope, receive, send)
  File "C:\Users\G L  B\Desktop\VIVENT-FINAL-REPO\Vivent-Backend\Vivent\lib\site-packages\fastapi\applications.py", line 1159, in __call__
    await super().__call__(scope, receive, send)
  File "C:\Users\G L  B\Desktop\VIVENT-FINAL-REPO\Vivent-Backend\Vivent\lib\site-packages\starlette\applications.py", line 90, in __call__
    await self.middleware_stack(scope, receive, send)
  File "C:\Users\G L  B\Desktop\VIVENT-FINAL-REPO\Vivent-Backend\Vivent\lib\site-packages\starlette\middleware\errors.py", line 186, in __call__
    raise exc
  File "C:\Users\G L  B\Desktop\VIVENT-FINAL-REPO\Vivent-Backend\Vivent\lib\site-packages\starlette\middleware\errors.py", line 164, in __call__
    await self.app(scope, receive, _send)
  File "C:\Users\G L  B\Desktop\VIVENT-FINAL-REPO\Vivent-Backend\Vivent\lib\site-packages\starlette\middleware\cors.py", line 96, in __call__
    await self.simple_response(scope, receive, send, request_headers=headers)
  File "C:\Users\G L  B\Desktop\VIVENT-FINAL-REPO\Vivent-Backend\Vivent\lib\site-packages\starlette\middleware\cors.py", line 154, in simple_response
    await self.app(scope, receive, send)
  File "C:\Users\G L  B\Desktop\VIVENT-FINAL-REPO\Vivent-Backend\Vivent\lib\site-packages\starlette\middleware\exceptions.py", line 63, in __call__
    await wrap_app_handling_exceptions(self.app, conn)(scope, receive, send)
  File "C:\Users\G L  B\Desktop\VIVENT-FINAL-REPO\Vivent-Backend\Vivent\lib\site-packages\starlette\_exception_handler.py", line 53, in wrapped_app
    raise exc
  File "C:\Users\G L  B\Desktop\VIVENT-FINAL-REPO\Vivent-Backend\Vivent\lib\site-packages\starlette\_exception_handler.py", line 42, in wrapped_app
    await app(scope, receive, sender)
  File "C:\Users\G L  B\Desktop\VIVENT-FINAL-REPO\Vivent-Backend\Vivent\lib\site-packages\fastapi\middleware\asyncexitstack.py", line 18, in __call__
    await self.app(scope, receive, send)
  File "C:\Users\G L  B\Desktop\VIVENT-FINAL-REPO\Vivent-Backend\Vivent\lib\site-packages\starlette\routing.py", line 660, in __call__
    await self.middleware_stack(scope, receive, send)
  File "C:\Users\G L  B\Desktop\VIVENT-FINAL-REPO\Vivent-Backend\Vivent\lib\site-packages\starlette\routing.py", line 680, in app
    await route.handle(scope, receive, send)
  File "C:\Users\G L  B\Desktop\VIVENT-FINAL-REPO\Vivent-Backend\Vivent\lib\site-packages\starlette\routing.py", line 276, in handle
    await self.app(scope, receive, send)
  File "C:\Users\G L  B\Desktop\VIVENT-FINAL-REPO\Vivent-Backend\Vivent\lib\site-packages\fastapi\routing.py", line 134, in app
    await wrap_app_handling_exceptions(app, request)(scope, receive, send)
  File "C:\Users\G L  B\Desktop\VIVENT-FINAL-REPO\Vivent-Backend\Vivent\lib\site-packages\starlette\_exception_handler.py", line 53, in wrapped_app
    raise exc
  File "C:\Users\G L  B\Desktop\VIVENT-FINAL-REPO\Vivent-Backend\Vivent\lib\site-packages\starlette\_exception_handler.py", line 42, in wrapped_app
    await app(scope, receive, sender)
  File "C:\Users\G L  B\Desktop\VIVENT-FINAL-REPO\Vivent-Backend\Vivent\lib\site-packages\fastapi\routing.py", line 120, in app
    response = await f(request)
  File "C:\Users\G L  B\Desktop\VIVENT-FINAL-REPO\Vivent-Backend\Vivent\lib\site-packages\fastapi\routing.py", line 674, in app
    raw_response = await run_endpoint_function(
  File "C:\Users\G L  B\Desktop\VIVENT-FINAL-REPO\Vivent-Backend\Vivent\lib\site-packages\fastapi\routing.py", line 330, in run_endpoint_function
    return await run_in_threadpool(dependant.call, **values)
  File "C:\Users\G L  B\Desktop\VIVENT-FINAL-REPO\Vivent-Backend\Vivent\lib\site-packages\starlette\concurrency.py", line 32, in run_in_threadpool
    return await anyio.to_thread.run_sync(func)
  File "C:\Users\G L  B\Desktop\VIVENT-FINAL-REPO\Vivent-Backend\Vivent\lib\site-packages\anyio\to_thread.py", line 63, in run_sync
    return await get_async_backend().run_sync_in_worker_thread(
  File "C:\Users\G L  B\Desktop\VIVENT-FINAL-REPO\Vivent-Backend\Vivent\lib\site-packages\anyio\_backends\_asyncio.py", line 2518, in run_sync_in_worker_thread
    return await future
  File "C:\Users\G L  B\Desktop\VIVENT-FINAL-REPO\Vivent-Backend\Vivent\lib\site-packages\anyio\_backends\_asyncio.py", line 1002, in run
    result = context.run(func, *args)
  File "C:\Users\G L  B\Desktop\VIVENT-FINAL-REPO\Vivent-Backend\routers\notifications.py", line 32, in unread_count
    response = supabase.table("notifications").select("id", count="exact").eq("user_id", current_user["id"]).eq("is_read", False).execute()
  File "C:\Users\G L  B\Desktop\VIVENT-FINAL-REPO\Vivent-Backend\Vivent\lib\site-packages\postgrest\_sync\request_builder.py", line 78, in execute
    r = send_with_retry(self.request)
  File "C:\Users\G L  B\Desktop\VIVENT-FINAL-REPO\Vivent-Backend\Vivent\lib\site-packages\postgrest\_sync\request_builder.py", line 50, in send_with_retry
    resp = req.send(headers)
  File "C:\Users\G L  B\Desktop\VIVENT-FINAL-REPO\Vivent-Backend\Vivent\lib\site-packages\postgrest\base_request_builder.py", line 90, in send
    return self.session.request(
  File "C:\Users\G L  B\Desktop\VIVENT-FINAL-REPO\Vivent-Backend\Vivent\lib\site-packages\httpx\_client.py", line 825, in request
    return self.send(request, auth=auth, follow_redirects=follow_redirects)
  File "C:\Users\G L  B\Desktop\VIVENT-FINAL-REPO\Vivent-Backend\Vivent\lib\site-packages\httpx\_client.py", line 914, in send
    response = self._send_handling_auth(
  File "C:\Users\G L  B\Desktop\VIVENT-FINAL-REPO\Vivent-Backend\Vivent\lib\site-packages\httpx\_client.py", line 942, in _send_handling_auth
    response = self._send_handling_redirects(
  File "C:\Users\G L  B\Desktop\VIVENT-FINAL-REPO\Vivent-Backend\Vivent\lib\site-packages\httpx\_client.py", line 979, in _send_handling_redirects
    response = self._send_single_request(request)
  File "C:\Users\G L  B\Desktop\VIVENT-FINAL-REPO\Vivent-Backend\Vivent\lib\site-packages\httpx\_client.py", line 1014, in _send_single_request
    response = transport.handle_request(request)
  File "C:\Users\G L  B\Desktop\VIVENT-FINAL-REPO\Vivent-Backend\Vivent\lib\site-packages\httpx\_transports\default.py", line 250, in handle_request
    resp = self._pool.handle_request(req)
  File "C:\Users\G L  B\Desktop\VIVENT-FINAL-REPO\Vivent-Backend\Vivent\lib\site-packages\httpcore\_sync\connection_pool.py", line 256, in handle_request
    raise exc from None
  File "C:\Users\G L  B\Desktop\VIVENT-FINAL-REPO\Vivent-Backend\Vivent\lib\site-packages\httpcore\_sync\connection_pool.py", line 236, in handle_request
    response = connection.handle_request(
  File "C:\Users\G L  B\Desktop\VIVENT-FINAL-REPO\Vivent-Backend\Vivent\lib\site-packages\httpcore\_sync\connection.py", line 103, in handle_request
    return self._connection.handle_request(request)
  File "C:\Users\G L  B\Desktop\VIVENT-FINAL-REPO\Vivent-Backend\Vivent\lib\site-packages\httpcore\_sync\http2.py", line 169, in handle_request
    self._response_closed(stream_id=stream_id)
  File "C:\Users\G L  B\Desktop\VIVENT-FINAL-REPO\Vivent-Backend\Vivent\lib\site-packages\httpcore\_sync\http2.py", line 411, in _response_closed
    del self._events[stream_id]
KeyError: 5
ERROR:    Exception in ASGI application
Traceback (most recent call last):
  File "C:\Users\G L  B\Desktop\VIVENT-FINAL-REPO\Vivent-Backend\Vivent\lib\site-packages\httpx\_transports\default.py", line 101, in map_httpcore_exceptions
    yield
  File "C:\Users\G L  B\Desktop\VIVENT-FINAL-REPO\Vivent-Backend\Vivent\lib\site-packages\httpx\_transports\default.py", line 250, in handle_request
    resp = self._pool.handle_request(req)
  File "C:\Users\G L  B\Desktop\VIVENT-FINAL-REPO\Vivent-Backend\Vivent\lib\site-packages\httpcore\_sync\connection_pool.py", line 256, in handle_request
    raise exc from None
  File "C:\Users\G L  B\Desktop\VIVENT-FINAL-REPO\Vivent-Backend\Vivent\lib\site-packages\httpcore\_sync\connection_pool.py", line 236, in handle_request
    response = connection.handle_request(
  File "C:\Users\G L  B\Desktop\VIVENT-FINAL-REPO\Vivent-Backend\Vivent\lib\site-packages\httpcore\_sync\connection.py", line 103, in handle_request
    return self._connection.handle_request(request)
  File "C:\Users\G L  B\Desktop\VIVENT-FINAL-REPO\Vivent-Backend\Vivent\lib\site-packages\httpcore\_sync\http2.py", line 187, in handle_request
    raise exc
  File "C:\Users\G L  B\Desktop\VIVENT-FINAL-REPO\Vivent-Backend\Vivent\lib\site-packages\httpcore\_sync\http2.py", line 150, in handle_request
    status, headers = self._receive_response(
  File "C:\Users\G L  B\Desktop\VIVENT-FINAL-REPO\Vivent-Backend\Vivent\lib\site-packages\httpcore\_sync\http2.py", line 294, in _receive_response
    event = self._receive_stream_event(request, stream_id)
  File "C:\Users\G L  B\Desktop\VIVENT-FINAL-REPO\Vivent-Backend\Vivent\lib\site-packages\httpcore\_sync\http2.py", line 336, in _receive_stream_event
    self._receive_events(request, stream_id)
  File "C:\Users\G L  B\Desktop\VIVENT-FINAL-REPO\Vivent-Backend\Vivent\lib\site-packages\httpcore\_sync\http2.py", line 355, in _receive_events
    raise RemoteProtocolError(self._connection_terminated)
httpcore.RemoteProtocolError: <ConnectionTerminated error_code:ErrorCodes.PROTOCOL_ERROR, last_stream_id:5, additional_data:None>

The above exception was the direct cause of the following exception:

Traceback (most recent call last):
  File "C:\Users\G L  B\Desktop\VIVENT-FINAL-REPO\Vivent-Backend\Vivent\lib\site-packages\uvicorn\protocols\http\httptools_impl.py", line 421, in run_asgi
    result = await app(  # type: ignore[func-returns-value]
  File "C:\Users\G L  B\Desktop\VIVENT-FINAL-REPO\Vivent-Backend\Vivent\lib\site-packages\uvicorn\middleware\proxy_headers.py", line 56, in __call__
    return await self.app(scope, receive, send)
  File "C:\Users\G L  B\Desktop\VIVENT-FINAL-REPO\Vivent-Backend\Vivent\lib\site-packages\fastapi\applications.py", line 1159, in __call__
    await super().__call__(scope, receive, send)
  File "C:\Users\G L  B\Desktop\VIVENT-FINAL-REPO\Vivent-Backend\Vivent\lib\site-packages\starlette\applications.py", line 90, in __call__
    await self.middleware_stack(scope, receive, send)
  File "C:\Users\G L  B\Desktop\VIVENT-FINAL-REPO\Vivent-Backend\Vivent\lib\site-packages\starlette\middleware\errors.py", line 186, in __call__
    raise exc
  File "C:\Users\G L  B\Desktop\VIVENT-FINAL-REPO\Vivent-Backend\Vivent\lib\site-packages\starlette\middleware\errors.py", line 164, in __call__
    await self.app(scope, receive, _send)
  File "C:\Users\G L  B\Desktop\VIVENT-FINAL-REPO\Vivent-Backend\Vivent\lib\site-packages\starlette\middleware\cors.py", line 96, in __call__
    await self.simple_response(scope, receive, send, request_headers=headers)
  File "C:\Users\G L  B\Desktop\VIVENT-FINAL-REPO\Vivent-Backend\Vivent\lib\site-packages\starlette\middleware\cors.py", line 154, in simple_response
    await self.app(scope, receive, send)
  File "C:\Users\G L  B\Desktop\VIVENT-FINAL-REPO\Vivent-Backend\Vivent\lib\site-packages\starlette\middleware\exceptions.py", line 63, in __call__
    await wrap_app_handling_exceptions(self.app, conn)(scope, receive, send)
  File "C:\Users\G L  B\Desktop\VIVENT-FINAL-REPO\Vivent-Backend\Vivent\lib\site-packages\starlette\_exception_handler.py", line 53, in wrapped_app
    raise exc
  File "C:\Users\G L  B\Desktop\VIVENT-FINAL-REPO\Vivent-Backend\Vivent\lib\site-packages\starlette\_exception_handler.py", line 42, in wrapped_app
    await app(scope, receive, sender)
  File "C:\Users\G L  B\Desktop\VIVENT-FINAL-REPO\Vivent-Backend\Vivent\lib\site-packages\fastapi\middleware\asyncexitstack.py", line 18, in __call__
    await self.app(scope, receive, send)
  File "C:\Users\G L  B\Desktop\VIVENT-FINAL-REPO\Vivent-Backend\Vivent\lib\site-packages\starlette\routing.py", line 660, in __call__
    await self.middleware_stack(scope, receive, send)
  File "C:\Users\G L  B\Desktop\VIVENT-FINAL-REPO\Vivent-Backend\Vivent\lib\site-packages\starlette\routing.py", line 680, in app
    await route.handle(scope, receive, send)
  File "C:\Users\G L  B\Desktop\VIVENT-FINAL-REPO\Vivent-Backend\Vivent\lib\site-packages\starlette\routing.py", line 276, in handle
    await self.app(scope, receive, send)
  File "C:\Users\G L  B\Desktop\VIVENT-FINAL-REPO\Vivent-Backend\Vivent\lib\site-packages\fastapi\routing.py", line 134, in app
    await wrap_app_handling_exceptions(app, request)(scope, receive, send)
  File "C:\Users\G L  B\Desktop\VIVENT-FINAL-REPO\Vivent-Backend\Vivent\lib\site-packages\starlette\_exception_handler.py", line 53, in wrapped_app
    raise exc
  File "C:\Users\G L  B\Desktop\VIVENT-FINAL-REPO\Vivent-Backend\Vivent\lib\site-packages\starlette\_exception_handler.py", line 42, in wrapped_app
    await app(scope, receive, sender)
  File "C:\Users\G L  B\Desktop\VIVENT-FINAL-REPO\Vivent-Backend\Vivent\lib\site-packages\fastapi\routing.py", line 120, in app
    response = await f(request)
  File "C:\Users\G L  B\Desktop\VIVENT-FINAL-REPO\Vivent-Backend\Vivent\lib\site-packages\fastapi\routing.py", line 674, in app
    raw_response = await run_endpoint_function(
  File "C:\Users\G L  B\Desktop\VIVENT-FINAL-REPO\Vivent-Backend\Vivent\lib\site-packages\fastapi\routing.py", line 330, in run_endpoint_function
    return await run_in_threadpool(dependant.call, **values)
  File "C:\Users\G L  B\Desktop\VIVENT-FINAL-REPO\Vivent-Backend\Vivent\lib\site-packages\starlette\concurrency.py", line 32, in run_in_threadpool
    return await anyio.to_thread.run_sync(func)
  File "C:\Users\G L  B\Desktop\VIVENT-FINAL-REPO\Vivent-Backend\Vivent\lib\site-packages\anyio\to_thread.py", line 63, in run_sync
    return await get_async_backend().run_sync_in_worker_thread(
  File "C:\Users\G L  B\Desktop\VIVENT-FINAL-REPO\Vivent-Backend\Vivent\lib\site-packages\anyio\_backends\_asyncio.py", line 2518, in run_sync_in_worker_thread
    return await future
  File "C:\Users\G L  B\Desktop\VIVENT-FINAL-REPO\Vivent-Backend\Vivent\lib\site-packages\anyio\_backends\_asyncio.py", line 1002, in run
    result = context.run(func, *args)
  File "C:\Users\G L  B\Desktop\VIVENT-FINAL-REPO\Vivent-Backend\routers\notifications.py", line 26, in list_notifications
    response = query.order("created_at", desc=True).range(offset, offset + limit - 1).execute()
  File "C:\Users\G L  B\Desktop\VIVENT-FINAL-REPO\Vivent-Backend\Vivent\lib\site-packages\postgrest\_sync\request_builder.py", line 78, in execute
    r = send_with_retry(self.request)
  File "C:\Users\G L  B\Desktop\VIVENT-FINAL-REPO\Vivent-Backend\Vivent\lib\site-packages\postgrest\_sync\request_builder.py", line 50, in send_with_retry
    resp = req.send(headers)
  File "C:\Users\G L  B\Desktop\VIVENT-FINAL-REPO\Vivent-Backend\Vivent\lib\site-packages\postgrest\base_request_builder.py", line 90, in send
    return self.session.request(
  File "C:\Users\G L  B\Desktop\VIVENT-FINAL-REPO\Vivent-Backend\Vivent\lib\site-packages\httpx\_client.py", line 825, in request
    return self.send(request, auth=auth, follow_redirects=follow_redirects)
  File "C:\Users\G L  B\Desktop\VIVENT-FINAL-REPO\Vivent-Backend\Vivent\lib\site-packages\httpx\_client.py", line 914, in send
    response = self._send_handling_auth(
  File "C:\Users\G L  B\Desktop\VIVENT-FINAL-REPO\Vivent-Backend\Vivent\lib\site-packages\httpx\_client.py", line 942, in _send_handling_auth
    response = self._send_handling_redirects(
  File "C:\Users\G L  B\Desktop\VIVENT-FINAL-REPO\Vivent-Backend\Vivent\lib\site-packages\httpx\_client.py", line 979, in _send_handling_redirects
    response = self._send_single_request(request)
  File "C:\Users\G L  B\Desktop\VIVENT-FINAL-REPO\Vivent-Backend\Vivent\lib\site-packages\httpx\_client.py", line 1014, in _send_single_request
    response = transport.handle_request(request)
  File "C:\Users\G L  B\Desktop\VIVENT-FINAL-REPO\Vivent-Backend\Vivent\lib\site-packages\httpx\_transports\default.py", line 249, in handle_request
    with map_httpcore_exceptions():
  File "C:\Users\G L  B\AppData\Local\Programs\Python\Python310\lib\contextlib.py", line 153, in __exit__
    self.gen.throw(typ, value, traceback)
  File "C:\Users\G L  B\Desktop\VIVENT-FINAL-REPO\Vivent-Backend\Vivent\lib\site-packages\httpx\_transports\default.py", line 118, in map_httpcore_exceptions
    raise mapped_exc(message) from exc
httpx.RemoteProtocolError: <ConnectionTerminated error_code:ErrorCodes.PROTOCOL_ERROR, last_stream_id:5, additional_data:None>
ERROR:    Exception in ASGI application
Traceback (most recent call last):
  File "C:\Users\G L  B\Desktop\VIVENT-FINAL-REPO\Vivent-Backend\Vivent\lib\site-packages\httpx\_transports\default.py", line 101, in map_httpcore_exceptions
    yield
  File "C:\Users\G L  B\Desktop\VIVENT-FINAL-REPO\Vivent-Backend\Vivent\lib\site-packages\httpx\_transports\default.py", line 250, in handle_request
    resp = self._pool.handle_request(req)
  File "C:\Users\G L  B\Desktop\VIVENT-FINAL-REPO\Vivent-Backend\Vivent\lib\site-packages\httpcore\_sync\connection_pool.py", line 256, in handle_request
    raise exc from None
  File "C:\Users\G L  B\Desktop\VIVENT-FINAL-REPO\Vivent-Backend\Vivent\lib\site-packages\httpcore\_sync\connection_pool.py", line 236, in handle_request
    response = connection.handle_request(
  File "C:\Users\G L  B\Desktop\VIVENT-FINAL-REPO\Vivent-Backend\Vivent\lib\site-packages\httpcore\_sync\connection.py", line 103, in handle_request
    return self._connection.handle_request(request)
  File "C:\Users\G L  B\Desktop\VIVENT-FINAL-REPO\Vivent-Backend\Vivent\lib\site-packages\httpcore\_sync\http2.py", line 187, in handle_request
    raise exc
  File "C:\Users\G L  B\Desktop\VIVENT-FINAL-REPO\Vivent-Backend\Vivent\lib\site-packages\httpcore\_sync\http2.py", line 150, in handle_request
    status, headers = self._receive_response(
  File "C:\Users\G L  B\Desktop\VIVENT-FINAL-REPO\Vivent-Backend\Vivent\lib\site-packages\httpcore\_sync\http2.py", line 294, in _receive_response
    event = self._receive_stream_event(request, stream_id)
  File "C:\Users\G L  B\Desktop\VIVENT-FINAL-REPO\Vivent-Backend\Vivent\lib\site-packages\httpcore\_sync\http2.py", line 336, in _receive_stream_event
    self._receive_events(request, stream_id)
  File "C:\Users\G L  B\Desktop\VIVENT-FINAL-REPO\Vivent-Backend\Vivent\lib\site-packages\httpcore\_sync\http2.py", line 364, in _receive_events
    events = self._read_incoming_data(request)
  File "C:\Users\G L  B\Desktop\VIVENT-FINAL-REPO\Vivent-Backend\Vivent\lib\site-packages\httpcore\_sync\http2.py", line 438, in _read_incoming_data
    raise self._read_exception  # pragma: nocover
  File "C:\Users\G L  B\Desktop\VIVENT-FINAL-REPO\Vivent-Backend\Vivent\lib\site-packages\httpx\_transports\default.py", line 101, in map_httpcore_exceptions
    yield
  File "C:\Users\G L  B\Desktop\VIVENT-FINAL-REPO\Vivent-Backend\Vivent\lib\site-packages\httpx\_transports\default.py", line 250, in handle_request
    resp = self._pool.handle_request(req)
  File "C:\Users\G L  B\Desktop\VIVENT-FINAL-REPO\Vivent-Backend\Vivent\lib\site-packages\httpcore\_sync\connection_pool.py", line 256, in handle_request
    raise exc from None
  File "C:\Users\G L  B\Desktop\VIVENT-FINAL-REPO\Vivent-Backend\Vivent\lib\site-packages\httpcore\_sync\connection_pool.py", line 236, in handle_request
    response = connection.handle_request(
  File "C:\Users\G L  B\Desktop\VIVENT-FINAL-REPO\Vivent-Backend\Vivent\lib\site-packages\httpcore\_sync\connection.py", line 103, in handle_request
    return self._connection.handle_request(request)
  File "C:\Users\G L  B\Desktop\VIVENT-FINAL-REPO\Vivent-Backend\Vivent\lib\site-packages\httpcore\_sync\http2.py", line 187, in handle_request
    raise exc
  File "C:\Users\G L  B\Desktop\VIVENT-FINAL-REPO\Vivent-Backend\Vivent\lib\site-packages\httpcore\_sync\http2.py", line 150, in handle_request
    status, headers = self._receive_response(
  File "C:\Users\G L  B\Desktop\VIVENT-FINAL-REPO\Vivent-Backend\Vivent\lib\site-packages\httpcore\_sync\http2.py", line 294, in _receive_response
    event = self._receive_stream_event(request, stream_id)
  File "C:\Users\G L  B\Desktop\VIVENT-FINAL-REPO\Vivent-Backend\Vivent\lib\site-packages\httpcore\_sync\http2.py", line 336, in _receive_stream_event
    self._receive_events(request, stream_id)
  File "C:\Users\G L  B\Desktop\VIVENT-FINAL-REPO\Vivent-Backend\Vivent\lib\site-packages\httpcore\_sync\http2.py", line 364, in _receive_events
    events = self._read_incoming_data(request)
  File "C:\Users\G L  B\Desktop\VIVENT-FINAL-REPO\Vivent-Backend\Vivent\lib\site-packages\httpcore\_sync\http2.py", line 455, in _read_incoming_data
    raise exc
  File "C:\Users\G L  B\Desktop\VIVENT-FINAL-REPO\Vivent-Backend\Vivent\lib\site-packages\httpcore\_sync\http2.py", line 443, in _read_incoming_data
    raise RemoteProtocolError("Server disconnected")
httpcore.RemoteProtocolError: Server disconnected

The above exception was the direct cause of the following exception:

Traceback (most recent call last):
  File "C:\Users\G L  B\Desktop\VIVENT-FINAL-REPO\Vivent-Backend\Vivent\lib\site-packages\uvicorn\protocols\http\httptools_impl.py", line 421, in run_asgi
    result = await app(  # type: ignore[func-returns-value]
  File "C:\Users\G L  B\Desktop\VIVENT-FINAL-REPO\Vivent-Backend\Vivent\lib\site-packages\uvicorn\middleware\proxy_headers.py", line 56, in __call__
    return await self.app(scope, receive, send)
  File "C:\Users\G L  B\Desktop\VIVENT-FINAL-REPO\Vivent-Backend\Vivent\lib\site-packages\fastapi\applications.py", line 1159, in __call__
    await super().__call__(scope, receive, send)
  File "C:\Users\G L  B\Desktop\VIVENT-FINAL-REPO\Vivent-Backend\Vivent\lib\site-packages\starlette\applications.py", line 90, in __call__
    await self.middleware_stack(scope, receive, send)
  File "C:\Users\G L  B\Desktop\VIVENT-FINAL-REPO\Vivent-Backend\Vivent\lib\site-packages\starlette\middleware\errors.py", line 186, in __call__
    raise exc
  File "C:\Users\G L  B\Desktop\VIVENT-FINAL-REPO\Vivent-Backend\Vivent\lib\site-packages\starlette\middleware\errors.py", line 164, in __call__
    await self.app(scope, receive, _send)
  File "C:\Users\G L  B\Desktop\VIVENT-FINAL-REPO\Vivent-Backend\Vivent\lib\site-packages\starlette\middleware\cors.py", line 96, in __call__
    await self.simple_response(scope, receive, send, request_headers=headers)
  File "C:\Users\G L  B\Desktop\VIVENT-FINAL-REPO\Vivent-Backend\Vivent\lib\site-packages\starlette\middleware\cors.py", line 154, in simple_response
    await self.app(scope, receive, send)
  File "C:\Users\G L  B\Desktop\VIVENT-FINAL-REPO\Vivent-Backend\Vivent\lib\site-packages\starlette\middleware\exceptions.py", line 63, in __call__
    await wrap_app_handling_exceptions(self.app, conn)(scope, receive, send)
  File "C:\Users\G L  B\Desktop\VIVENT-FINAL-REPO\Vivent-Backend\Vivent\lib\site-packages\starlette\_exception_handler.py", line 53, in wrapped_app
    raise exc
  File "C:\Users\G L  B\Desktop\VIVENT-FINAL-REPO\Vivent-Backend\Vivent\lib\site-packages\starlette\_exception_handler.py", line 42, in wrapped_app
    await app(scope, receive, sender)
  File "C:\Users\G L  B\Desktop\VIVENT-FINAL-REPO\Vivent-Backend\Vivent\lib\site-packages\fastapi\middleware\asyncexitstack.py", line 18, in __call__
    await self.app(scope, receive, send)
  File "C:\Users\G L  B\Desktop\VIVENT-FINAL-REPO\Vivent-Backend\Vivent\lib\site-packages\starlette\routing.py", line 660, in __call__
    await self.middleware_stack(scope, receive, send)
  File "C:\Users\G L  B\Desktop\VIVENT-FINAL-REPO\Vivent-Backend\Vivent\lib\site-packages\starlette\routing.py", line 680, in app
    await route.handle(scope, receive, send)
  File "C:\Users\G L  B\Desktop\VIVENT-FINAL-REPO\Vivent-Backend\Vivent\lib\site-packages\starlette\routing.py", line 276, in handle
    await self.app(scope, receive, send)
  File "C:\Users\G L  B\Desktop\VIVENT-FINAL-REPO\Vivent-Backend\Vivent\lib\site-packages\fastapi\routing.py", line 134, in app
    await wrap_app_handling_exceptions(app, request)(scope, receive, send)
  File "C:\Users\G L  B\Desktop\VIVENT-FINAL-REPO\Vivent-Backend\Vivent\lib\site-packages\starlette\_exception_handler.py", line 53, in wrapped_app
    raise exc
  File "C:\Users\G L  B\Desktop\VIVENT-FINAL-REPO\Vivent-Backend\Vivent\lib\site-packages\starlette\_exception_handler.py", line 42, in wrapped_app
    await app(scope, receive, sender)
  File "C:\Users\G L  B\Desktop\VIVENT-FINAL-REPO\Vivent-Backend\Vivent\lib\site-packages\fastapi\routing.py", line 120, in app
    response = await f(request)
  File "C:\Users\G L  B\Desktop\VIVENT-FINAL-REPO\Vivent-Backend\Vivent\lib\site-packages\fastapi\routing.py", line 457, in app
    solved_result = await solve_dependencies(
  File "C:\Users\G L  B\Desktop\VIVENT-FINAL-REPO\Vivent-Backend\Vivent\lib\site-packages\fastapi\dependencies\utils.py", line 680, in solve_dependencies
    solved = await run_in_threadpool(call, **solved_result.values)
  File "C:\Users\G L  B\Desktop\VIVENT-FINAL-REPO\Vivent-Backend\Vivent\lib\site-packages\starlette\concurrency.py", line 32, in run_in_threadpool
    return await anyio.to_thread.run_sync(func)
  File "C:\Users\G L  B\Desktop\VIVENT-FINAL-REPO\Vivent-Backend\Vivent\lib\site-packages\anyio\to_thread.py", line 63, in run_sync
    return await get_async_backend().run_sync_in_worker_thread(
  File "C:\Users\G L  B\Desktop\VIVENT-FINAL-REPO\Vivent-Backend\Vivent\lib\site-packages\anyio\_backends\_asyncio.py", line 2518, in run_sync_in_worker_thread
    return await future
  File "C:\Users\G L  B\Desktop\VIVENT-FINAL-REPO\Vivent-Backend\Vivent\lib\site-packages\anyio\_backends\_asyncio.py", line 1002, in run
    result = context.run(func, *args)
  File "C:\Users\G L  B\Desktop\VIVENT-FINAL-REPO\Vivent-Backend\dependencies.py", line 71, in get_current_user
    user = _lookup_user_by_token_payload(payload)
  File "C:\Users\G L  B\Desktop\VIVENT-FINAL-REPO\Vivent-Backend\dependencies.py", line 27, in _lookup_user_by_token_payload
    response = supabase.table("users").select("*").eq("id", user_id).limit(1).execute()
  File "C:\Users\G L  B\Desktop\VIVENT-FINAL-REPO\Vivent-Backend\Vivent\lib\site-packages\postgrest\_sync\request_builder.py", line 78, in execute
    r = send_with_retry(self.request)
  File "C:\Users\G L  B\Desktop\VIVENT-FINAL-REPO\Vivent-Backend\Vivent\lib\site-packages\postgrest\_sync\request_builder.py", line 50, in send_with_retry
    resp = req.send(headers)
  File "C:\Users\G L  B\Desktop\VIVENT-FINAL-REPO\Vivent-Backend\Vivent\lib\site-packages\postgrest\base_request_builder.py", line 90, in send
    return self.session.request(
  File "C:\Users\G L  B\Desktop\VIVENT-FINAL-REPO\Vivent-Backend\Vivent\lib\site-packages\httpx\_client.py", line 825, in request
    return self.send(request, auth=auth, follow_redirects=follow_redirects)
  File "C:\Users\G L  B\Desktop\VIVENT-FINAL-REPO\Vivent-Backend\Vivent\lib\site-packages\httpx\_client.py", line 914, in send
    response = self._send_handling_auth(
  File "C:\Users\G L  B\Desktop\VIVENT-FINAL-REPO\Vivent-Backend\Vivent\lib\site-packages\httpx\_client.py", line 942, in _send_handling_auth
    response = self._send_handling_redirects(
  File "C:\Users\G L  B\Desktop\VIVENT-FINAL-REPO\Vivent-Backend\Vivent\lib\site-packages\httpx\_client.py", line 979, in _send_handling_redirects
    response = self._send_single_request(request)
  File "C:\Users\G L  B\Desktop\VIVENT-FINAL-REPO\Vivent-Backend\Vivent\lib\site-packages\httpx\_client.py", line 1014, in _send_single_request
    response = transport.handle_request(request)
  File "C:\Users\G L  B\Desktop\VIVENT-FINAL-REPO\Vivent-Backend\Vivent\lib\site-packages\httpx\_transports\default.py", line 249, in handle_request
    with map_httpcore_exceptions():
  File "C:\Users\G L  B\AppData\Local\Programs\Python\Python310\lib\contextlib.py", line 153, in __exit__
    self.gen.throw(typ, value, traceback)
  File "C:\Users\G L  B\Desktop\VIVENT-FINAL-REPO\Vivent-Backend\Vivent\lib\site-packages\httpx\_transports\default.py", line 118, in map_httpcore_exceptions
    raise mapped_exc(message) from exc
httpx.RemoteProtocolError: Server disconnected
ERROR:    Exception in ASGI application
Traceback (most recent call last):
  File "C:\Users\G L  B\Desktop\VIVENT-FINAL-REPO\Vivent-Backend\Vivent\lib\site-packages\httpx\_transports\default.py", line 101, in map_httpcore_exceptions
    yield
  File "C:\Users\G L  B\Desktop\VIVENT-FINAL-REPO\Vivent-Backend\Vivent\lib\site-packages\httpx\_transports\default.py", line 250, in handle_request
    resp = self._pool.handle_request(req)
  File "C:\Users\G L  B\Desktop\VIVENT-FINAL-REPO\Vivent-Backend\Vivent\lib\site-packages\httpcore\_sync\connection_pool.py", line 256, in handle_request
    raise exc from None
  File "C:\Users\G L  B\Desktop\VIVENT-FINAL-REPO\Vivent-Backend\Vivent\lib\site-packages\httpcore\_sync\connection_pool.py", line 236, in handle_request
    response = connection.handle_request(
  File "C:\Users\G L  B\Desktop\VIVENT-FINAL-REPO\Vivent-Backend\Vivent\lib\site-packages\httpcore\_sync\connection.py", line 103, in handle_request
    return self._connection.handle_request(request)
  File "C:\Users\G L  B\Desktop\VIVENT-FINAL-REPO\Vivent-Backend\Vivent\lib\site-packages\httpcore\_sync\http2.py", line 187, in handle_request
    raise exc
  File "C:\Users\G L  B\Desktop\VIVENT-FINAL-REPO\Vivent-Backend\Vivent\lib\site-packages\httpcore\_sync\http2.py", line 150, in handle_request
    status, headers = self._receive_response(
  File "C:\Users\G L  B\Desktop\VIVENT-FINAL-REPO\Vivent-Backend\Vivent\lib\site-packages\httpcore\_sync\http2.py", line 294, in _receive_response
    event = self._receive_stream_event(request, stream_id)
  File "C:\Users\G L  B\Desktop\VIVENT-FINAL-REPO\Vivent-Backend\Vivent\lib\site-packages\httpcore\_sync\http2.py", line 336, in _receive_stream_event
    self._receive_events(request, stream_id)
  File "C:\Users\G L  B\Desktop\VIVENT-FINAL-REPO\Vivent-Backend\Vivent\lib\site-packages\httpcore\_sync\http2.py", line 364, in _receive_events
    events = self._read_incoming_data(request)
  File "C:\Users\G L  B\Desktop\VIVENT-FINAL-REPO\Vivent-Backend\Vivent\lib\site-packages\httpcore\_sync\http2.py", line 438, in _read_incoming_data
    raise self._read_exception  # pragma: nocover
  File "C:\Users\G L  B\Desktop\VIVENT-FINAL-REPO\Vivent-Backend\Vivent\lib\site-packages\httpx\_transports\default.py", line 101, in map_httpcore_exceptions
    yield
  File "C:\Users\G L  B\Desktop\VIVENT-FINAL-REPO\Vivent-Backend\Vivent\lib\site-packages\httpx\_transports\default.py", line 250, in handle_request
    resp = self._pool.handle_request(req)
  File "C:\Users\G L  B\Desktop\VIVENT-FINAL-REPO\Vivent-Backend\Vivent\lib\site-packages\httpcore\_sync\connection_pool.py", line 256, in handle_request
    raise exc from None
  File "C:\Users\G L  B\Desktop\VIVENT-FINAL-REPO\Vivent-Backend\Vivent\lib\site-packages\httpcore\_sync\connection_pool.py", line 236, in handle_request
    response = connection.handle_request(
  File "C:\Users\G L  B\Desktop\VIVENT-FINAL-REPO\Vivent-Backend\Vivent\lib\site-packages\httpcore\_sync\connection.py", line 103, in handle_request
    return self._connection.handle_request(request)
  File "C:\Users\G L  B\Desktop\VIVENT-FINAL-REPO\Vivent-Backend\Vivent\lib\site-packages\httpcore\_sync\http2.py", line 187, in handle_request
    raise exc
  File "C:\Users\G L  B\Desktop\VIVENT-FINAL-REPO\Vivent-Backend\Vivent\lib\site-packages\httpcore\_sync\http2.py", line 150, in handle_request
    status, headers = self._receive_response(
  File "C:\Users\G L  B\Desktop\VIVENT-FINAL-REPO\Vivent-Backend\Vivent\lib\site-packages\httpcore\_sync\http2.py", line 294, in _receive_response
    event = self._receive_stream_event(request, stream_id)
  File "C:\Users\G L  B\Desktop\VIVENT-FINAL-REPO\Vivent-Backend\Vivent\lib\site-packages\httpcore\_sync\http2.py", line 336, in _receive_stream_event
    self._receive_events(request, stream_id)
  File "C:\Users\G L  B\Desktop\VIVENT-FINAL-REPO\Vivent-Backend\Vivent\lib\site-packages\httpcore\_sync\http2.py", line 364, in _receive_events
    events = self._read_incoming_data(request)
  File "C:\Users\G L  B\Desktop\VIVENT-FINAL-REPO\Vivent-Backend\Vivent\lib\site-packages\httpcore\_sync\http2.py", line 455, in _read_incoming_data
    raise exc
  File "C:\Users\G L  B\Desktop\VIVENT-FINAL-REPO\Vivent-Backend\Vivent\lib\site-packages\httpcore\_sync\http2.py", line 443, in _read_incoming_data
    raise RemoteProtocolError("Server disconnected")
httpcore.RemoteProtocolError: Server disconnected

The above exception was the direct cause of the following exception:

Traceback (most recent call last):
  File "C:\Users\G L  B\Desktop\VIVENT-FINAL-REPO\Vivent-Backend\Vivent\lib\site-packages\uvicorn\protocols\http\httptools_impl.py", line 421, in run_asgi
    result = await app(  # type: ignore[func-returns-value]
  File "C:\Users\G L  B\Desktop\VIVENT-FINAL-REPO\Vivent-Backend\Vivent\lib\site-packages\uvicorn\middleware\proxy_headers.py", line 56, in __call__
    return await self.app(scope, receive, send)
  File "C:\Users\G L  B\Desktop\VIVENT-FINAL-REPO\Vivent-Backend\Vivent\lib\site-packages\fastapi\applications.py", line 1159, in __call__
    await super().__call__(scope, receive, send)
  File "C:\Users\G L  B\Desktop\VIVENT-FINAL-REPO\Vivent-Backend\Vivent\lib\site-packages\starlette\applications.py", line 90, in __call__
    await self.middleware_stack(scope, receive, send)
  File "C:\Users\G L  B\Desktop\VIVENT-FINAL-REPO\Vivent-Backend\Vivent\lib\site-packages\starlette\middleware\errors.py", line 186, in __call__
    raise exc
  File "C:\Users\G L  B\Desktop\VIVENT-FINAL-REPO\Vivent-Backend\Vivent\lib\site-packages\starlette\middleware\errors.py", line 164, in __call__
    await self.app(scope, receive, _send)
  File "C:\Users\G L  B\Desktop\VIVENT-FINAL-REPO\Vivent-Backend\Vivent\lib\site-packages\starlette\middleware\cors.py", line 96, in __call__
    await self.simple_response(scope, receive, send, request_headers=headers)
  File "C:\Users\G L  B\Desktop\VIVENT-FINAL-REPO\Vivent-Backend\Vivent\lib\site-packages\starlette\middleware\cors.py", line 154, in simple_response
    await self.app(scope, receive, send)
  File "C:\Users\G L  B\Desktop\VIVENT-FINAL-REPO\Vivent-Backend\Vivent\lib\site-packages\starlette\middleware\exceptions.py", line 63, in __call__
    await wrap_app_handling_exceptions(self.app, conn)(scope, receive, send)
  File "C:\Users\G L  B\Desktop\VIVENT-FINAL-REPO\Vivent-Backend\Vivent\lib\site-packages\starlette\_exception_handler.py", line 53, in wrapped_app
    raise exc
  File "C:\Users\G L  B\Desktop\VIVENT-FINAL-REPO\Vivent-Backend\Vivent\lib\site-packages\starlette\_exception_handler.py", line 42, in wrapped_app
    await app(scope, receive, sender)
  File "C:\Users\G L  B\Desktop\VIVENT-FINAL-REPO\Vivent-Backend\Vivent\lib\site-packages\fastapi\middleware\asyncexitstack.py", line 18, in __call__
    await self.app(scope, receive, send)
  File "C:\Users\G L  B\Desktop\VIVENT-FINAL-REPO\Vivent-Backend\Vivent\lib\site-packages\starlette\routing.py", line 660, in __call__
    await self.middleware_stack(scope, receive, send)
  File "C:\Users\G L  B\Desktop\VIVENT-FINAL-REPO\Vivent-Backend\Vivent\lib\site-packages\starlette\routing.py", line 680, in app
    await route.handle(scope, receive, send)
  File "C:\Users\G L  B\Desktop\VIVENT-FINAL-REPO\Vivent-Backend\Vivent\lib\site-packages\starlette\routing.py", line 276, in handle
    await self.app(scope, receive, send)
  File "C:\Users\G L  B\Desktop\VIVENT-FINAL-REPO\Vivent-Backend\Vivent\lib\site-packages\fastapi\routing.py", line 134, in app
    await wrap_app_handling_exceptions(app, request)(scope, receive, send)
  File "C:\Users\G L  B\Desktop\VIVENT-FINAL-REPO\Vivent-Backend\Vivent\lib\site-packages\starlette\_exception_handler.py", line 53, in wrapped_app
    raise exc
  File "C:\Users\G L  B\Desktop\VIVENT-FINAL-REPO\Vivent-Backend\Vivent\lib\site-packages\starlette\_exception_handler.py", line 42, in wrapped_app
    await app(scope, receive, sender)
  File "C:\Users\G L  B\Desktop\VIVENT-FINAL-REPO\Vivent-Backend\Vivent\lib\site-packages\fastapi\routing.py", line 120, in app
    response = await f(request)
  File "C:\Users\G L  B\Desktop\VIVENT-FINAL-REPO\Vivent-Backend\Vivent\lib\site-packages\fastapi\routing.py", line 457, in app
    solved_result = await solve_dependencies(
  File "C:\Users\G L  B\Desktop\VIVENT-FINAL-REPO\Vivent-Backend\Vivent\lib\site-packages\fastapi\dependencies\utils.py", line 680, in solve_dependencies
    solved = await run_in_threadpool(call, **solved_result.values)
  File "C:\Users\G L  B\Desktop\VIVENT-FINAL-REPO\Vivent-Backend\Vivent\lib\site-packages\starlette\concurrency.py", line 32, in run_in_threadpool
    return await anyio.to_thread.run_sync(func)
  File "C:\Users\G L  B\Desktop\VIVENT-FINAL-REPO\Vivent-Backend\Vivent\lib\site-packages\anyio\to_thread.py", line 63, in run_sync
    return await get_async_backend().run_sync_in_worker_thread(
  File "C:\Users\G L  B\Desktop\VIVENT-FINAL-REPO\Vivent-Backend\Vivent\lib\site-packages\anyio\_backends\_asyncio.py", line 2518, in run_sync_in_worker_thread
    return await future
  File "C:\Users\G L  B\Desktop\VIVENT-FINAL-REPO\Vivent-Backend\Vivent\lib\site-packages\anyio\_backends\_asyncio.py", line 1002, in run
    result = context.run(func, *args)
  File "C:\Users\G L  B\Desktop\VIVENT-FINAL-REPO\Vivent-Backend\dependencies.py", line 71, in get_current_user
    user = _lookup_user_by_token_payload(payload)
  File "C:\Users\G L  B\Desktop\VIVENT-FINAL-REPO\Vivent-Backend\dependencies.py", line 27, in _lookup_user_by_token_payload
    response = supabase.table("users").select("*").eq("id", user_id).limit(1).execute()
  File "C:\Users\G L  B\Desktop\VIVENT-FINAL-REPO\Vivent-Backend\Vivent\lib\site-packages\postgrest\_sync\request_builder.py", line 78, in execute
    r = send_with_retry(self.request)
  File "C:\Users\G L  B\Desktop\VIVENT-FINAL-REPO\Vivent-Backend\Vivent\lib\site-packages\postgrest\_sync\request_builder.py", line 50, in send_with_retry
    resp = req.send(headers)
  File "C:\Users\G L  B\Desktop\VIVENT-FINAL-REPO\Vivent-Backend\Vivent\lib\site-packages\postgrest\base_request_builder.py", line 90, in send
    return self.session.request(
  File "C:\Users\G L  B\Desktop\VIVENT-FINAL-REPO\Vivent-Backend\Vivent\lib\site-packages\httpx\_client.py", line 825, in request
    return self.send(request, auth=auth, follow_redirects=follow_redirects)
  File "C:\Users\G L  B\Desktop\VIVENT-FINAL-REPO\Vivent-Backend\Vivent\lib\site-packages\httpx\_client.py", line 914, in send
    response = self._send_handling_auth(
  File "C:\Users\G L  B\Desktop\VIVENT-FINAL-REPO\Vivent-Backend\Vivent\lib\site-packages\httpx\_client.py", line 942, in _send_handling_auth
    response = self._send_handling_redirects(
  File "C:\Users\G L  B\Desktop\VIVENT-FINAL-REPO\Vivent-Backend\Vivent\lib\site-packages\httpx\_client.py", line 979, in _send_handling_redirects
    response = self._send_single_request(request)
  File "C:\Users\G L  B\Desktop\VIVENT-FINAL-REPO\Vivent-Backend\Vivent\lib\site-packages\httpx\_client.py", line 1014, in _send_single_request
    response = transport.handle_request(request)
  File "C:\Users\G L  B\Desktop\VIVENT-FINAL-REPO\Vivent-Backend\Vivent\lib\site-packages\httpx\_transports\default.py", line 249, in handle_request
    with map_httpcore_exceptions():
  File "C:\Users\G L  B\AppData\Local\Programs\Python\Python310\lib\contextlib.py", line 153, in __exit__
    self.gen.throw(typ, value, traceback)
  File "C:\Users\G L  B\Desktop\VIVENT-FINAL-REPO\Vivent-Backend\Vivent\lib\site-packages\httpx\_transports\default.py", line 118, in map_httpcore_exceptions
    raise mapped_exc(message) from exc
httpx.RemoteProtocolError: Server disconnected
